cohort,cohort_years,geo_level,geography,y1_emp,y5_emp,y10_emp,y1_p25_earnings,y5_p25_earnings,y10_p25_earnings,y1_p50_earnings,y5_p50_earnings,y10_p50_earnings,y1_p75_earnings,y5_p75_earnings,y10_p75_earnings,status_y1_emp,status_y5_emp,status_y10_emp,status_y1_earn,status_y5_earn,status_y10_earn,y1_nonemp,y5_nonemp,y10_nonemp,status_y1_nonemp,status_y5_nonemp,status_y10_nonemp
0,16,N,00,312300,262900,155000,23330,31130,36480,34630,45420,52620,51030,65130,75520,1,1,1,1,1,1,,,,,,
0,16,S,01,6952,6066,3640,24470,32630,37650,36910,47630,54700,56230,70820,80150,1,1,1,1,1,1,,,,,,
0,16,S,02,2879,1853,989,28230,37160,43430,41430,54130,63950,58250,73590,85230,1,1,1,1,1,1,,,,,,
0,16,S,04,6927,7202,4095,23760,32390,37990,37110,48080,55870,58340,69480,80140,1,1,1,1,1,1,,,,,,
0,16,S,05,2089,2122,1317,19730,24980,28670,27790,36330,42090,38670,49580,58230,1,1,1,1,1,1,,,,,,
0,16,S,06,17540,16880,9978,21840,31070,39140,32300,46890,58750,48330,67480,84340,1,1,1,1,1,1,,,,,,
0,16,S,08,10230,7496,4089,24610,32700,38350,36320,47250,55590,51540,67520,79810,1,1,1,1,1,1,,,,,,
0,16,S,09,1287,1223,693,21930,31430,41350,33360,46400,60240,48880,64340,83360,1,1,1,1,1,1,,,,,,
0,16,S,10,574,504.5,320,22960,28390,31950,33140,43130,47320,48210,57300,67850,1,1,1,1,1,1,,,,,,
0,16,S,11,1806,2435,1618,45840,56870,65810,64410,77040,90200,86210,101600,115500,1,1,1,1,1,1,,,,,,
0,16,S,12,17410,15630,9714,21410,28310,32680,31010,40510,46680,44480,57580,66860,1,1,1,1,1,1,,,,,,
0,16,S,13,19290,15560,9125,24770,31970,35140,35730,44550,48950,50410,61170,66820,1,1,1,1,1,1,,,,,,
0,16,S,15,2093,1528,815.5,24850,34230,39700,39480,53050,59830,63480,75690,84480,1,1,1,1,1,1,,,,,,
0,16,S,16,1316,1132,682,20060,24890,29020,27690,35360,41410,36930,47870,56180,1,1,1,1,1,1,,,,,,
0,16,S,17,6602,6464,3840,20860,28880,37380,30620,43370,54210,45090,61230,76070,1,1,1,1,1,1,,,,,,
0,16,S,18,5061,4033,2393,21990,27890,32680,31370,39890,46500,42870,54680,64630,1,1,1,1,1,1,,,,,,
0,16,S,19,2241,1900,1117,21500,26870,32620,30520,39550,46040,41740,52910,60950,1,1,1,1,1,1,,,,,,
0,16,S,20,5394,3693,1979,23230,30610,35210,32950,42430,48290,44970,56700,65720,1,1,1,1,1,1,,,,,,
0,16,S,21,7736,6139,3462,25570,33600,36660,36790,46390,50940,50930,61080,66800,1,1,1,1,1,1,,,,,,
0,16,S,22,4932,3945,2312,22370,29570,34900,32990,44050,50080,47200,61290,71380,1,1,1,1,1,1,,,,,,
0,16,S,23,1155,1003,616,19840,24500,30620,27220,34980,41710,36180,45900,57410,1,1,1,1,1,1,,,,,,
0,16,S,24,8160,6708,4033,31760,42610,49070,50700,64730,73060,78580,94100,101400,1,1,1,1,1,1,,,,,,
0,16,S,25,912.5,1317,1404,22830,33610,40220,33360,49830,59780,51030,70530,85420,1,1,1,1,1,1,,,,,,
0,16,S,26,5346,4547,2845,20670,27340,33490,29780,41260,48410,42720,58200,71090,1,1,1,1,1,1,,,,,,
0,16,S,27,2515,2287,1283,21380,28280,35490,30990,40810,49550,42480,55950,66590,1,1,1,1,1,1,,,,,,
0,16,S,28,1431,1600,958,21270,26570,29190,31240,37940,42240,44500,52730,59030,1,1,1,1,1,1,,,,,,
0,16,S,29,6728,5357,3032,22040,28250,32340,31270,39900,46110,44330,56270,64340,1,1,1,1,1,1,,,,,,
0,16,S,30,1016,909,560.5,19080,24830,29310,26210,35870,41650,36090,52100,61490,1,1,1,1,1,1,,,,,,
0,16,S,31,1865,1358,744,21610,27440,30590,30010,38390,43590,39980,51750,57910,1,1,1,1,1,1,,,,,,
0,16,S,32,3040,2527,1440,22880,30580,33820,32620,43450,50950,47800,65160,73980,1,1,1,1,1,1,,,,,,
0,16,S,33,786.5,795,457.5,21930,29190,37450,31140,42550,51100,41300,57510,67160,1,1,1,1,1,1,,,,,,
0,16,S,34,3271,2994,1781,22640,33170,38840,34620,50080,58830,52250,69400,84690,1,1,1,1,1,1,,,,,,
0,16,S,35,2257,1931,1198,22360,29830,37270,33740,43870,53110,49390,63100,73480,1,1,1,1,1,1,,,,,,
0,16,S,36,8855,8674,5419,21270,29920,37780,31160,44790,54650,45310,63870,81850,1,1,1,1,1,1,,,,,,
0,16,S,37,14540,11630,6749,24340,31540,35130,36250,44520,48410,52640,62370,67990,1,1,1,1,1,1,,,,,,
0,16,S,38,906.5,766,507.5,23160,30520,41120,37370,47360,57150,60980,73750,88250,1,1,1,1,1,1,,,,,,
0,16,S,39,7765,6627,3951,20690,26810,32850,29350,38650,46200,40700,52940,63870,1,1,1,1,1,1,,,,,,
0,16,S,40,6412,4991,2866,22180,28290,33780,31230,40420,46910,44590,55800,64160,1,1,1,1,1,1,,,,,,
0,16,S,41,2745,2521,1565,20740,27070,32090,29850,39750,47980,41980,55680,67260,1,1,1,1,1,1,,,,,,
0,16,S,42,7188,7339,4737,21850,29240,35480,31770,42970,51170,44900,57770,68780,1,1,1,1,1,1,,,,,,
0,16,S,44,426,344,203,19960,27800,35780,28020,39070,48820,41610,52530,67260,1,1,1,1,1,1,,,,,,
0,16,S,45,6029,5043,3042,23280,29030,32620,32700,40980,44660,44710,55810,61020,1,1,1,1,1,1,,,,,,
0,16,S,46,675,596.5,347,19730,25550,27940,27140,35050,40110,36130,45320,53310,1,1,1,1,1,1,,,,,,
0,16,S,47,8569,6378,3598,22120,28740,32840,31680,40950,46750,43870,56440,63280,1,1,1,1,1,1,,,,,,
0,16,S,48,46730,36390,20900,24210,33080,38790,35950,47350,55020,52310,66560,77390,1,1,1,1,1,1,,,,,,
0,16,S,49,1810,1414,804.5,22000,28510,34000,30780,42090,50370,43770,59620,70420,1,1,1,1,1,1,,,,,,
0,16,S,50,390,332,223,22260,27110,33670,31480,43240,49050,41530,55700,72230,1,1,1,1,1,1,,,,,,
0,16,S,51,20230,16560,9259,33670,42620,46690,55860,68220,73210,89430,103700,109600,1,1,1,1,1,1,,,,,,
0,16,S,53,11690,8824,5155,24220,34540,40610,36140,49780,57720,51400,67850,78910,1,1,1,1,1,1,,,,,,
0,16,S,54,1340,1351,912,20680,26200,31880,29310,39460,47100,42350,56130,65980,1,1,1,1,1,1,,,,,,
0,16,S,55,3676,3252,1778,20700,27510,33000,29370,38670,45890,40130,51820,60740,1,1,1,1,1,1,,,,,,
0,16,S,56,970,761.5,492,26440,31790,40180,40970,48500,55970,57620,73220,78370,1,1,1,1,1,1,,,,,,
2000,2,N,00,51230,57090,54930,23930,30710,37320,34320,44390,53580,47700,62210,76290,1,1,1,1,1,1,,,,,,
2002,2,N,00,36400,45460,44720,21810,29240,34820,31780,42870,50510,45310,60280,72830,1,1,1,1,1,1,,,,,,
2004,2,N,00,50460,50890,55350,22770,33280,36970,34490,48040,53520,51100,68930,76710,1,1,1,1,1,1,,,,,,
2006,2,N,00,44730,44830,,24230,33050,,36260,48120,,53400,69770,,1,1,-1,1,1,-1,,,,,,
2008,2,N,00,29470,41600,,26900,30570,,41380,44960,,63320,66120,,1,1,-1,1,1,-1,,,,,,
2010,2,N,00,30500,23060,,24070,29510,,37060,43270,,60530,62630,,1,1,-1,1,1,-1,,,,,,
2012,2,N,00,44940,,,22070,,,32250,,,47610,,,1,-1,-1,1,-1,-1,,,,,,
2014,2,N,00,24550,,,22590,,,32950,,,46870,,,1,-1,-1,1,-1,-1,,,,,,
2000,2,S,01,1146,1248,1268,24100,29680,37850,34330,43370,54680,46830,61130,79500,1,1,1,1,1,1,,,,,,
2000,2,S,02,368,355,338,26980,35880,44110,36580,51650,62350,53930,71320,79730,1,1,1,1,1,1,,,,,,
2000,2,S,04,,1446,1407,,31930,40010,,47550,57720,,66770,83100,-1,1,1,-1,1,1,,,,,,
2000,2,S,05,,517,481,,25660,31200,,37300,44550,,49520,62110,-1,1,1,-1,1,1,,,,,,
2000,2,S,06,3121,3520,3255,23060,32230,40660,33280,48430,61480,47840,68650,86030,1,1,1,1,1,1,,,,,,
2000,2,S,08,1994,1786,1589,26280,34380,39800,37750,49010,57980,51190,68370,81850,1,1,1,1,1,1,,,,,,
2000,2,S,09,290,304,264,25380,33630,45100,36440,48120,63090,49240,70140,86740,1,1,1,1,1,1,,,,,,
2000,2,S,10,147,136,118,22960,30620,32630,33290,44380,46940,45670,57620,64700,1,1,1,1,1,1,,,,,,
2000,2,S,11,,450,583,,53340,68310,,68740,90680,,92350,117700,-1,1,1,-1,1,1,,,,,,
2000,2,S,12,3333,4070,3567,22160,29410,34760,31440,41350,48020,42230,56810,69430,1,1,1,1,1,1,,,,,,
2000,2,S,13,3725,3796,3487,25880,31680,35690,35380,43500,49840,47420,58970,67470,1,1,1,1,1,1,,,,,,
2000,2,S,15,264,260,222,23880,31000,40020,36400,51010,64610,53870,74430,87780,1,1,1,1,1,1,,,,,,
2000,2,S,16,212,224,222,18890,23020,28640,27400,35130,40610,39850,51270,58910,1,1,1,1,1,1,,,,,,
2000,2,S,17,1201,1359,1344,22120,29450,38470,33000,43860,56380,48330,62230,78650,1,1,1,1,1,1,,,,,,
2000,2,S,18,860,861,871,24660,28760,34150,34600,40970,48020,46700,56250,67110,1,1,1,1,1,1,,,,,,
2000,2,S,19,353,387,396,21750,28490,33140,31130,39600,45300,41920,51900,59040,1,1,1,1,1,1,,,,,,
2000,2,S,20,816,725,701,24180,30220,34520,34360,41660,48010,45330,55930,65450,1,1,1,1,1,1,,,,,,
2000,2,S,21,1139,1232,1161,24300,32040,36950,33640,44290,51090,45800,57200,67770,1,1,1,1,1,1,,,,,,
2000,2,S,22,717,803,769,20640,26190,36600,30100,40080,51840,42150,55100,72460,1,1,1,1,1,1,,,,,,
2000,2,S,23,228,245,226,20620,24150,30720,28170,33050,41010,38160,44430,56370,1,1,1,1,1,1,,,,,,
2000,2,S,24,1552,1528,1470,29700,39700,48960,42840,58120,71290,62880,81140,100600,1,1,1,1,1,1,,,,,,
2000,2,S,25,,,530,,,39910,,,59550,,,84730,-1,-1,1,-1,-1,1,,,,,,
2000,2,S,26,1099,1150,1010,23170,27250,34080,33720,41570,48070,47060,58230,69940,1,1,1,1,1,1,,,,,,
2000,2,S,27,484,518,470,23930,30340,35650,35220,42730,49060,47430,58770,66890,1,1,1,1,1,1,,,,,,
2000,2,S,28,,378,371,,24520,28980,,35200,40390,,47190,55770,-1,1,1,-1,1,1,,,,,,
2000,2,S,29,1101,1186,1093,22270,28990,32890,31630,39830,47350,43380,56910,67270,1,1,1,1,1,1,,,,,,
2000,2,S,30,138,185,185,18880,27690,33180,25160,37030,47770,34720,54700,70240,1,1,1,1,1,1,,,,,,
2000,2,S,31,279,251,243,24290,28530,27940,31800,39480,42450,42960,52150,56630,1,1,1,1,1,1,,,,,,
2000,2,S,32,437,559,487,23770,31380,34690,32260,43690,52190,43630,62580,76730,1,1,1,1,1,1,,,,,,
2000,2,S,33,,215,177,,25590,37390,,38780,53010,,54460,68230,-1,1,1,-1,1,1,,,,,,
2000,2,S,34,726,793,667,23640,32750,39710,34390,50760,58440,50580,71170,85810,1,1,1,1,1,1,,,,,,
2000,2,S,35,311,400,392,21770,27620,34510,33200,40440,49240,45890,59040,72270,1,1,1,1,1,1,,,,,,
2000,2,S,36,1642,1884,1871,21710,29640,38790,31230,43540,55440,44430,61670,81580,1,1,1,1,1,1,,,,,,
2000,2,S,37,2624,2717,2547,24700,31100,36160,35350,43190,49070,47050,59290,69290,1,1,1,1,1,1,,,,,,
2000,2,S,38,58,61,108,15780,26550,32760,20680,37260,48120,30620,49240,66220,1,1,1,1,1,1,,,,,,
2000,2,S,39,1451,1556,1395,22920,27990,34010,31400,39380,46520,43320,53840,64610,1,1,1,1,1,1,,,,,,
2000,2,S,40,896,962,948,21270,26760,33420,29470,38220,46760,40920,52770,64080,1,1,1,1,1,1,,,,,,
2000,2,S,41,506,554,532,22980,28820,32680,32610,42630,49390,45350,58330,70510,1,1,1,1,1,1,,,,,,
2000,2,S,42,1347,1658,1682,22050,28050,36750,31680,41940,52110,43230,56540,68700,1,1,1,1,1,1,,,,,,
2000,2,S,44,101,95,70,20090,22940,32510,28330,35350,47290,41230,51300,57390,1,1,1,1,1,1,,,,,,
2000,2,S,45,1086,1175,1124,23590,28050,33550,33230,38960,43970,43490,52150,60720,1,1,1,1,1,1,,,,,,
2000,2,S,46,113,134,126,19860,22160,26120,27500,32690,39580,37570,43560,51570,1,1,1,1,1,1,,,,,,
2000,2,S,47,1599,1500,1351,24160,30590,33860,32880,42630,47750,44530,56730,63870,1,1,1,1,1,1,,,,,,
2000,2,S,48,7179,7224,7319,24310,31640,39590,34540,45330,55690,48420,63930,78200,1,1,1,1,1,1,,,,,,
2000,2,S,49,248,256,247,22220,28170,34360,30280,41820,48640,44950,57620,70420,1,1,1,1,1,1,,,,,,
2000,2,S,50,61,69,69,23730,26720,32300,32580,44350,42810,40500,56370,71840,1,1,1,1,1,1,,,,,,
2000,2,S,51,3137,3346,3266,29970,38480,48220,45060,57230,75580,67450,86590,114800,1,1,1,1,1,1,,,,,,
2000,2,S,53,1963,1936,1856,24820,34200,42210,36400,50070,58720,49550,66750,80230,1,1,1,1,1,1,,,,,,
2000,2,S,54,214,291,340,21770,24170,33140,29340,38380,47790,38720,55280,71560,1,1,1,1,1,1,,,,,,
2000,2,S,55,576,574,579,23280,27810,34360,33590,41330,48470,44790,54950,64190,1,1,1,1,1,1,,,,,,
2000,2,S,56,140,139,155,25760,28530,41480,37100,42090,57430,53120,64430,73930,1,1,1,1,1,1,,,,,,
2002,2,S,01,820,1021,1032,22270,29460,35860,33390,44030,51330,49490,63750,77950,1,1,1,1,1,1,,,,,,
2002,2,S,02,318,321,302,27360,35320,43170,40360,54530,63060,57750,76020,84830,1,1,1,1,1,1,,,,,,
2002,2,S,04,,1224,1168,,30680,35110,,45300,52000,,63600,76410,-1,1,1,-1,1,1,,,,,,
2002,2,S,05,315,366,378,19580,24090,26590,26500,35140,38380,36460,47540,52530,1,1,1,1,1,1,,,,,,
2002,2,S,06,2566,3237,3117,20560,30500,38360,29690,45840,56670,43180,65590,82220,1,1,1,1,1,1,,,,,,
2002,2,S,08,1073,1177,1092,23710,30190,36070,34080,43580,52750,47010,60100,76510,1,1,1,1,1,1,,,,,,
2002,2,S,09,151,201,191,20420,28760,38160,29360,41730,56730,46160,61570,80320,1,1,1,1,1,1,,,,,,
2002,2,S,10,88,106,102,21790,26610,30120,29450,40180,46060,44000,52300,65640,1,1,1,1,1,1,,,,,,
2002,2,S,11,,374,459,,52720,59310,,71840,86520,,97730,113000,-1,1,1,-1,1,1,,,,,,
2002,2,S,12,2382,3099,2791,20640,27370,30960,29480,39370,45160,41140,54460,63750,1,1,1,1,1,1,,,,,,
2002,2,S,13,2376,2777,2527,23420,29920,34560,33620,41790,47510,45960,57840,65260,1,1,1,1,1,1,,,,,,
2002,2,S,15,287,268,226,21870,33790,39020,31910,48620,54280,53310,65800,78520,1,1,1,1,1,1,,,,,,
2002,2,S,16,165,233,209,18850,23450,29530,25920,35030,40070,33420,46280,54060,1,1,1,1,1,1,,,,,,
2002,2,S,17,725,1117,1087,19990,28680,34840,28960,42240,50150,41840,59610,71340,1,1,1,1,1,1,,,,,,
2002,2,S,18,588,705,721,21020,26120,30600,30580,38150,44880,42280,52710,61480,1,1,1,1,1,1,,,,,,
2002,2,S,19,249,327,345,21090,25750,32140,29720,38550,46950,40360,52490,60610,1,1,1,1,1,1,,,,,,
2002,2,S,20,537,593,552,21410,29180,34740,30290,40370,47350,40560,52590,63030,1,1,1,1,1,1,,,,,,
2002,2,S,21,976,1087,988,26030,31930,34430,37140,45340,48440,50140,57280,63460,1,1,1,1,1,1,,,,,,
2002,2,S,22,529,665,664,18630,25900,33050,26690,39390,46390,37120,55870,65790,1,1,1,1,1,1,,,,,,
2002,2,S,23,179,225,201,21740,23550,27860,28110,33780,40920,36150,44210,55040,1,1,1,1,1,1,,,,,,
2002,2,S,24,1141,1141,1160,28800,36960,47190,43560,58170,72530,65650,83910,99250,1,1,1,1,1,1,,,,,,
2002,2,S,25,,,392,,,37780,,,55550,,,81950,-1,-1,1,-1,-1,1,,,,,,
2002,2,S,26,663,786,845,19140,26240,31080,27300,38650,44980,39380,54210,67040,1,1,1,1,1,1,,,,,,
2002,2,S,27,297,364,347,21660,26440,34240,30160,41100,49170,40770,55380,63130,1,1,1,1,1,1,,,,,,
2002,2,S,28,131,294,260,14900,24400,29170,23490,33960,42910,31560,47510,58560,1,1,1,1,1,1,,,,,,
2002,2,S,29,758,883,850,22380,26740,30990,30770,37610,44110,42090,51770,60260,1,1,1,1,1,1,,,,,,
2002,2,S,30,123,162,164,18400,21530,27160,24470,31700,37840,32910,47930,59890,1,1,1,1,1,1,,,,,,
2002,2,S,31,201,209,229,21490,24970,28640,28980,35520,42840,38460,46460,55600,1,1,1,1,1,1,,,,,,
2002,2,S,32,362,481,416,22210,30890,32610,31410,43940,48120,44490,67460,69110,1,1,1,1,1,1,,,,,,
2002,2,S,33,131,150,141,22020,28720,38160,32230,41360,51770,39600,57390,67130,1,1,1,1,1,1,,,,,,
2002,2,S,34,526,617,527,21240,30760,38850,32020,45280,55930,45800,62920,83420,1,1,1,1,1,1,,,,,,
2002,2,S,35,253,343,355,19370,27210,37650,27860,41140,53930,42460,57240,74160,1,1,1,1,1,1,,,,,,
2002,2,S,36,1230,1734,1660,20650,28920,35990,29870,42760,52620,42850,60640,79010,1,1,1,1,1,1,,,,,,
2002,2,S,37,1666,1925,1864,23320,29310,34200,34460,42070,47370,47700,56480,65450,1,1,1,1,1,1,,,,,,
2002,2,S,38,64,96,156,14930,25950,43240,23020,35330,56510,31460,50690,95150,1,1,1,1,1,1,,,,,,
2002,2,S,39,969,1149,1116,19930,25770,31070,28390,37720,44390,38910,51060,61020,1,1,1,1,1,1,,,,,,
2002,2,S,40,631,852,864,20110,25800,33200,27830,37560,46300,37510,51510,63590,1,1,1,1,1,1,,,,,,
2002,2,S,41,288,431,470,18910,25940,31460,26700,37760,45800,35270,52010,60960,1,1,1,1,1,1,,,,,,
2002,2,S,42,1006,1415,1463,20890,27070,33070,29480,40020,47910,41040,53630,65430,1,1,1,1,1,1,,,,,,
2002,2,S,44,78,79,73,20510,25020,37320,28110,37350,51270,38900,53030,66440,1,1,1,1,1,1,,,,,,
2002,2,S,45,724,917,909,21620,28040,30890,29340,38880,43600,41780,52090,59520,1,1,1,1,1,1,,,,,,
2002,2,S,46,75,89,110,17800,24410,27510,25260,33650,36200,31140,42570,48680,1,1,1,1,1,1,,,,,,
2002,2,S,47,1007,1124,977,20750,26610,31330,30760,39110,43480,42190,53300,59920,1,1,1,1,1,1,,,,,,
2002,2,S,48,4532,5711,5853,21730,31130,37180,31450,44940,53220,44250,62260,75500,1,1,1,1,1,1,,,,,,
2002,2,S,49,170,260,249,21980,29080,32790,30200,42320,48020,42810,56580,70860,1,1,1,1,1,1,,,,,,
2002,2,S,50,76,71,63,20010,24300,30410,29780,36340,46880,36200,49740,69050,1,1,1,1,1,1,,,,,,
2002,2,S,51,2404,2638,2670,28110,38590,43490,44920,59140,68640,74230,91160,104100,1,1,1,1,1,1,,,,,,
2002,2,S,53,1251,1466,1444,23190,33640,38610,34240,47720,56250,48790,63330,75220,1,1,1,1,1,1,,,,,,
2002,2,S,54,180,269,262,19170,21670,29290,25100,33060,45260,36580,47830,59960,1,1,1,1,1,1,,,,,,
2002,2,S,55,431,523,542,21410,26940,31570,30640,36820,43920,40210,48920,58660,1,1,1,1,1,1,,,,,,
2002,2,S,56,110,155,143,22850,33390,39280,32580,51040,54560,47240,75340,79320,1,1,1,1,1,1,,,,,,
2004,2,S,01,1167,1303,1352,24390,36040,38630,37600,51330,57900,55300,76540,82610,1,1,1,1,1,1,,,,,,
2004,2,S,02,378,345,351,28110,37630,43570,42640,53800,68530,58640,73410,91200,1,1,1,1,1,1,,,,,,
2004,2,S,04,1629,1465,1514,23780,36860,38580,37020,53610,56990,57960,76310,80180,1,1,1,1,1,1,,,,,,
2004,2,S,05,390,422,445,18590,24520,29650,27520,35030,42090,39090,49520,58300,1,1,1,1,1,1,,,,,,
2004,2,S,06,3076,3304,3629,20890,33880,38550,31480,50060,57750,47190,70660,84990,1,1,1,1,1,1,,,,,,
2004,2,S,08,1509,1353,1431,25010,36590,38740,37530,51680,55290,54060,75880,80180,1,1,1,1,1,1,,,,,,
2004,2,S,09,203,210,253,19070,32630,39430,30760,48830,59420,48840,66190,84000,1,1,1,1,1,1,,,,,,
2004,2,S,10,95,90,125,24650,25930,31670,32970,41140,47890,43640,51040,72960,1,1,1,1,1,1,,,,,,
2004,2,S,11,433,534,590,43670,59720,65840,61130,82110,92090,82970,113400,115100,1,1,1,1,1,1,,,,,,
2004,2,S,12,3105,2877,3350,21270,30460,31880,31510,42260,46260,43590,60180,66100,1,1,1,1,1,1,,,,,,
2004,2,S,13,3243,3151,3106,25720,34170,35020,36310,46850,48940,50740,62920,67060,1,1,1,1,1,1,,,,,,
2004,2,S,15,413,336,334,28390,38710,42890,44490,60460,61970,72760,79930,86820,1,1,1,1,1,1,,,,,,
2004,2,S,16,201,199,244,19100,27850,29780,27170,35530,44640,37820,47560,57620,1,1,1,1,1,1,,,,,,
2004,2,S,17,1030,1198,1420,19110,29140,38250,29520,44650,55590,44620,62690,76900,1,1,1,1,1,1,,,,,,
2004,2,S,18,675,660,809,20280,27830,33720,29930,41200,47030,42660,57340,64850,1,1,1,1,1,1,,,,,,
2004,2,S,19,299,320,372,19990,25590,33500,27990,38860,46120,38700,52620,62510,1,1,1,1,1,1,,,,,,
2004,2,S,20,805,711,724,22400,32300,36640,32950,45410,49750,46590,60430,68610,1,1,1,1,1,1,,,,,,
2004,2,S,21,1372,1298,1299,26640,36750,38100,39160,48880,53140,52480,63380,68590,1,1,1,1,1,1,,,,,,
2004,2,S,22,802,840,864,21150,32740,35600,32090,46880,52440,45280,65820,73490,1,1,1,1,1,1,,,,,,
2004,2,S,23,165,167,182,18070,26930,31970,26360,39100,43180,36130,49240,59440,1,1,1,1,1,1,,,,,,
2004,2,S,24,1358,1322,1390,29710,47000,50130,48440,68640,74710,72400,99760,103600,1,1,1,1,1,1,,,,,,
2004,2,S,25,,219,485,,34800,42220,,51070,63760,,74920,88260,-1,1,1,-1,1,1,,,,,,
2004,2,S,26,779,753,1014,19030,27160,34450,26890,41620,50970,38750,59520,74950,1,1,1,1,1,1,,,,,,
2004,2,S,27,351,374,466,20330,30880,36310,30390,42230,50150,40420,57510,67310,1,1,1,1,1,1,,,,,,
2004,2,S,28,292,283,332,20030,26820,29600,28830,40760,43810,40860,55280,61020,1,1,1,1,1,1,,,,,,
2004,2,S,29,1022,996,1078,22330,30550,33160,32170,42510,46830,46100,59750,65080,1,1,1,1,1,1,,,,,,
2004,2,S,30,170,167,193,18600,25060,28850,29110,35780,42570,37840,49560,57560,1,1,1,1,1,1,,,,,,
2004,2,S,31,252,232,267,19120,30490,34410,28180,40920,44490,38290,53920,61370,1,1,1,1,1,1,,,,,,
2004,2,S,32,545,539,540,23740,32080,34460,34820,46500,51990,52430,73440,74600,1,1,1,1,1,1,,,,,,
2004,2,S,33,144,117,143,21940,31980,38720,30670,45310,52890,42090,57490,71100,1,1,1,1,1,1,,,,,,
2004,2,S,34,585,591,599,21900,35950,37840,32890,53700,62210,52270,75240,86330,1,1,1,1,1,1,,,,,,
2004,2,S,35,436,434,466,22280,31760,39140,31900,47800,55950,46210,64990,74620,1,1,1,1,1,1,,,,,,
2004,2,S,36,1509,1722,1905,20080,32190,38330,29690,48380,56030,44340,68920,83910,1,1,1,1,1,1,,,,,,
2004,2,S,37,2205,2175,2318,23850,33150,35080,35780,46140,48780,51160,64260,68320,1,1,1,1,1,1,,,,,,
2004,2,S,38,92,120,230,17300,31790,43480,25460,47530,64790,35200,63290,92070,1,1,1,1,1,1,,,,,,
2004,2,S,39,1212,1142,1438,19370,27060,32900,28840,39810,46980,39670,54660,64830,1,1,1,1,1,1,,,,,,
2004,2,S,40,950,955,1052,20830,28380,35100,29110,40260,47840,40530,55090,65600,1,1,1,1,1,1,,,,,,
2004,2,S,41,470,450,546,19060,28430,31780,28310,40540,48120,39560,53720,68150,1,1,1,1,1,1,,,,,,
2004,2,S,42,1182,1423,1576,20000,31430,36630,30510,44920,53010,43680,59180,70910,1,1,1,1,1,1,,,,,,
2004,2,S,44,57,61,62,17010,33850,38380,24870,45310,49920,35030,58470,81430,1,1,1,1,1,1,,,,,,
2004,2,S,45,962,987,1040,22320,29760,32280,31970,42610,46090,43330,58590,62400,1,1,1,1,1,1,,,,,,
2004,2,S,46,105,115,114,19080,27210,27970,26340,34590,40880,36500,47220,54080,1,1,1,1,1,1,,,,,,
2004,2,S,47,1338,1195,1274,21920,30520,33360,33320,42890,48380,45990,60840,64830,1,1,1,1,1,1,,,,,,
2004,2,S,48,7010,7209,7710,23590,34560,39340,35910,49440,55690,53250,68590,78180,1,1,1,1,1,1,,,,,,
2004,2,S,49,240,267,305,20170,29480,33210,30530,43910,52500,43660,59900,71610,1,1,1,1,1,1,,,,,,
2004,2,S,50,72,76,84,19340,33140,36580,31790,44000,51970,42730,56990,69870,1,1,1,1,1,1,,,,,,
2004,2,S,51,3351,3516,3328,32750,46570,47770,55590,77210,74120,88970,114400,108500,1,1,1,1,1,1,,,,,,
2004,2,S,53,1840,1708,1878,24310,37800,40630,36250,52860,58000,51290,73510,80660,1,1,1,1,1,1,,,,,,
2004,2,S,54,217,277,318,19050,28420,35150,28950,41020,49290,46370,61700,71490,1,1,1,1,1,1,,,,,,
2004,2,S,55,539,559,673,19640,30070,32840,28660,40700,45240,39980,53790,58670,1,1,1,1,1,1,,,,,,
2004,2,S,56,181,167,192,27650,33810,36910,45430,52830,54810,60540,73930,79980,1,1,1,1,1,1,,,,,,
2006,2,S,01,1054,1094,,26500,35460,,39800,52110,,60510,78120,,1,1,-1,1,1,-1,,,,,,
2006,2,S,02,359,331,,32340,38250,,44250,57260,,61000,74560,,1,1,-1,1,1,-1,,,,,,
2006,2,S,04,1445,1310,,26140,33870,,39340,50300,,56510,76110,,1,1,-1,1,1,-1,,,,,,
2006,2,S,05,313,314,,21210,26050,,30300,38140,,42170,52350,,1,1,-1,1,1,-1,,,,,,
2006,2,S,06,2839,2814,,22750,32280,,33920,49480,,50700,71550,,1,1,-1,1,1,-1,,,,,,
2006,2,S,08,1402,1267,,25690,34140,,37660,49430,,53570,71610,,1,1,-1,1,1,-1,,,,,,
2006,2,S,09,181,206,,22240,33850,,33510,47480,,48360,65270,,1,1,-1,1,1,-1,,,,,,
2006,2,S,10,68,60,,22280,24730,,37100,45370,,54620,63290,,1,1,-1,1,1,-1,,,,,,
2006,2,S,11,356,445,,48320,60250,,67920,80650,,88740,104100,,1,1,-1,1,1,-1,,,,,,
2006,2,S,12,2473,2383,,22210,29180,,32210,42480,,46900,63110,,1,1,-1,1,1,-1,,,,,,
2006,2,S,13,2922,2754,,25860,33700,,37610,47000,,52230,65140,,1,1,-1,1,1,-1,,,,,,
2006,2,S,15,314,272,,25970,35370,,39490,53770,,62680,78970,,1,1,-1,1,1,-1,,,,,,
2006,2,S,16,190,190,,21640,26140,,28110,37930,,38040,50370,,1,1,-1,1,1,-1,,,,,,
2006,2,S,17,986,1138,,21160,30020,,31100,44640,,45660,61440,,1,1,-1,1,1,-1,,,,,,
2006,2,S,18,687,687,,22340,28090,,32550,41260,,45510,58390,,1,1,-1,1,1,-1,,,,,,
2006,2,S,19,314,346,,20730,26890,,29590,40910,,42250,53870,,1,1,-1,1,1,-1,,,,,,
2006,2,S,20,717,641,,24620,32170,,34020,44910,,46530,58580,,1,1,-1,1,1,-1,,,,,,
2006,2,S,21,1107,1087,,26830,34820,,38940,46770,,52870,63060,,1,1,-1,1,1,-1,,,,,,
2006,2,S,22,739,688,,25100,31790,,35830,46170,,51110,65950,,1,1,-1,1,1,-1,,,,,,
2006,2,S,23,143,141,,20130,23070,,27280,33530,,35060,45420,,1,1,-1,1,1,-1,,,,,,
2006,2,S,24,1070,1214,,31960,47470,,50920,72650,,78080,103600,,1,1,-1,1,1,-1,,,,,,
2006,2,S,25,,363,,,32560,,,51400,,,68270,,-1,1,-1,-1,1,-1,,,,,,
2006,2,S,26,593,630,,19250,28030,,28780,42940,,42060,62490,,1,1,-1,1,1,-1,,,,,,
2006,2,S,27,339,350,,22540,29290,,31760,41380,,43380,54560,,1,1,-1,1,1,-1,,,,,,
2006,2,S,28,254,323,,21850,29160,,31270,43890,,44480,68910,,1,1,-1,1,1,-1,,,,,,
2006,2,S,29,886,892,,21800,28320,,31350,41250,,44670,59350,,1,1,-1,1,1,-1,,,,,,
2006,2,S,30,156,138,,19160,24610,,26440,36240,,35510,52240,,1,1,-1,1,1,-1,,,,,,
2006,2,S,31,213,226,,21320,29340,,29420,39710,,40120,56790,,1,1,-1,1,1,-1,,,,,,
2006,2,S,32,462,415,,24120,30220,,32970,43430,,49900,63110,,1,1,-1,1,1,-1,,,,,,
2006,2,S,33,142,122,,22680,29220,,32020,42090,,44410,59820,,1,1,-1,1,1,-1,,,,,,
2006,2,S,34,480,453,,25620,36890,,38950,54920,,57620,75300,,1,1,-1,1,1,-1,,,,,,
2006,2,S,35,335,296,,23480,31860,,37210,47680,,55220,71970,,1,1,-1,1,1,-1,,,,,,
2006,2,S,36,1265,1386,,21200,30760,,31640,47050,,44170,68090,,1,1,-1,1,1,-1,,,,,,
2006,2,S,37,2123,2057,,25300,33950,,38080,47990,,56060,68760,,1,1,-1,1,1,-1,,,,,,
2006,2,S,38,83,173,,20400,33530,,29450,49430,,47500,77530,,1,1,-1,1,1,-1,,,,,,
2006,2,S,39,989,1042,,19640,25610,,28830,37950,,40780,53360,,1,1,-1,1,1,-1,,,,,,
2006,2,S,40,912,898,,23150,32310,,32690,44250,,46060,59950,,1,1,-1,1,1,-1,,,,,,
2006,2,S,41,402,379,,21540,28080,,30980,42380,,43370,60630,,1,1,-1,1,1,-1,,,,,,
2006,2,S,42,981,1146,,22020,31640,,32650,45670,,46930,62890,,1,1,-1,1,1,-1,,,,,,
2006,2,S,44,57,51,,19640,27420,,33570,38380,,46210,61310,,1,1,-1,1,1,-1,,,,,,
2006,2,S,45,910,868,,24780,31170,,33840,43560,,45160,60650,,1,1,-1,1,1,-1,,,,,,
2006,2,S,46,95,97,,18660,26530,,27440,35720,,38680,42760,,1,1,-1,1,1,-1,,,,,,
2006,2,S,47,1183,1010,,22300,29470,,32530,41800,,44830,57270,,1,1,-1,1,1,-1,,,,,,
2006,2,S,48,6370,6196,,25210,35830,,38190,50640,,54860,71070,,1,1,-1,1,1,-1,,,,,,
2006,2,S,49,281,230,,23140,28110,,32780,42280,,45480,56060,,1,1,-1,1,1,-1,,,,,,
2006,2,S,50,,,,,,,,,,,,,5,5,-1,5,5,-1,,,,,,
2006,2,S,51,2938,3174,,37730,47420,,61510,77450,,94160,113800,,1,1,-1,1,1,-1,,,,,,
2006,2,S,53,1740,1520,,25670,36340,,38760,51930,,53840,69760,,1,1,-1,1,1,-1,,,,,,
2006,2,S,54,181,221,,20340,30670,,29640,45190,,50250,65880,,1,1,-1,1,1,-1,,,,,,
2006,2,S,55,485,601,,19670,27700,,28490,38700,,39650,52720,,1,1,-1,1,1,-1,,,,,,
2006,2,S,56,132,113,,28950,33310,,43730,54400,,60770,75530,,1,1,-1,1,1,-1,,,,,,
2008,2,S,01,695,936,,30190,33430,,50440,50860,,75390,76450,,1,1,-1,1,1,-1,,,,,,
2008,2,S,02,311,272,,30860,33670,,45170,50100,,61380,68490,,1,1,-1,1,1,-1,,,,,,
2008,2,S,04,1013,1178,,31370,30210,,50920,45870,,75650,69650,,1,1,-1,1,1,-1,,,,,,
2008,2,S,05,217,317,,21440,25160,,30250,36650,,39920,50650,,1,1,-1,1,1,-1,,,,,,
2008,2,S,06,1525,2599,,24160,28900,,38470,43520,,59460,64610,,1,1,-1,1,1,-1,,,,,,
2008,2,S,08,899,1208,,27540,30080,,40770,45510,,63640,66250,,1,1,-1,1,1,-1,,,,,,
2008,2,S,09,111,173,,25730,33940,,36290,47680,,54870,61130,,1,1,-1,1,1,-1,,,,,,
2008,2,S,10,,59,,,30950,,,38610,,,48680,,5,1,-1,5,1,-1,,,,,,
2008,2,S,11,285,387,,54880,61440,,76060,81690,,99190,103800,,1,1,-1,1,1,-1,,,,,,
2008,2,S,12,1245,2083,,24740,26070,,38070,38700,,66480,57030,,1,1,-1,1,1,-1,,,,,,
2008,2,S,13,1823,2062,,30430,30990,,44610,44610,,64520,61030,,1,1,-1,1,1,-1,,,,,,
2008,2,S,15,254,274,,31140,34720,,46750,54950,,71030,82490,,1,1,-1,1,1,-1,,,,,,
2008,2,S,16,94,169,,22470,25720,,30390,36500,,46060,48000,,1,1,-1,1,1,-1,,,,,,
2008,2,S,17,583,1061,,22120,27780,,32830,42450,,49110,59330,,1,1,-1,1,1,-1,,,,,,
2008,2,S,18,375,693,,21200,27800,,29370,38990,,40510,52080,,1,1,-1,1,1,-1,,,,,,
2008,2,S,19,170,313,,21670,28300,,30000,39750,,41140,51610,,1,1,-1,1,1,-1,,,,,,
2008,2,S,20,595,666,,28060,30220,,40220,42230,,53870,57570,,1,1,-1,1,1,-1,,,,,,
2008,2,S,21,787,892,,29590,32060,,43620,45760,,59890,63590,,1,1,-1,1,1,-1,,,,,,
2008,2,S,22,514,610,,24980,31260,,37390,47060,,54200,65010,,1,1,-1,1,1,-1,,,,,,
2008,2,S,23,95,136,,20150,25300,,27370,37300,,38800,49920,,1,1,-1,1,1,-1,,,,,,
2008,2,S,24,777,1015,,45820,44230,,73290,70560,,103900,99400,,1,1,-1,1,1,-1,,,,,,
2008,2,S,25,,443,,,33610,,,49640,,,73320,,-1,1,-1,-1,1,-1,,,,,,
2008,2,S,26,286,773,,21990,28160,,35200,42440,,48370,59580,,1,1,-1,1,1,-1,,,,,,
2008,2,S,27,182,416,,22060,25840,,29200,38220,,42090,54120,,1,1,-1,1,1,-1,,,,,,
2008,2,S,28,144,233,,25820,28070,,35290,39040,,50120,52780,,1,1,-1,1,1,-1,,,,,,
2008,2,S,29,710,890,,23050,27350,,35820,38520,,54780,53550,,1,1,-1,1,1,-1,,,,,,
2008,2,S,30,86,149,,20100,24610,,26440,34480,,37870,52990,,1,1,-1,1,1,-1,,,,,,
2008,2,S,31,168,253,,23180,27120,,30530,37570,,41060,50300,,1,1,-1,1,1,-1,,,,,,
2008,2,S,32,269,351,,23610,29860,,37570,40760,,55980,61550,,1,1,-1,1,1,-1,,,,,,
2008,2,S,33,99,134,,23800,27000,,33710,42910,,54700,60100,,1,1,-1,1,1,-1,,,,,,
2008,2,S,34,254,342,,27330,30870,,44000,46060,,73810,65120,,1,1,-1,1,1,-1,,,,,,
2008,2,S,35,231,265,,24430,31330,,36500,45220,,52310,69120,,1,1,-1,1,1,-1,,,,,,
2008,2,S,36,757,1263,,24300,28560,,36330,44070,,53030,61840,,1,1,-1,1,1,-1,,,,,,
2008,2,S,37,1458,1797,,30790,30300,,45920,43770,,69150,64940,,1,1,-1,1,1,-1,,,,,,
2008,2,S,38,79,210,,22190,35390,,30710,55620,,51770,95600,,1,1,-1,1,1,-1,,,,,,
2008,2,S,39,481,1089,,20910,27160,,29250,37950,,40450,51610,,1,1,-1,1,1,-1,,,,,,
2008,2,S,40,651,852,,24960,29990,,35540,42430,,54650,57620,,1,1,-1,1,1,-1,,,,,,
2008,2,S,41,199,435,,22280,25030,,31360,38120,,45120,55160,,1,1,-1,1,1,-1,,,,,,
2008,2,S,42,586,1076,,24220,29010,,35300,43740,,48190,60200,,1,1,-1,1,1,-1,,,,,,
2008,2,S,44,,,,,,,,,,,,,5,5,-1,5,5,-1,,,,,,
2008,2,S,45,538,704,,26010,30400,,38690,43250,,52910,60050,,1,1,-1,1,1,-1,,,,,,
2008,2,S,46,67,90,,19800,25870,,28110,35720,,37930,43210,,1,1,-1,1,1,-1,,,,,,
2008,2,S,47,618,964,,23420,27180,,34770,39070,,50110,54600,,1,1,-1,1,1,-1,,,,,,
2008,2,S,48,5073,6428,,27660,33590,,40740,47660,,57150,68130,,1,1,-1,1,1,-1,,,,,,
2008,2,S,49,150,245,,25190,28370,,34120,40290,,49080,60720,,1,1,-1,1,1,-1,,,,,,
2008,2,S,50,,59,,,30950,,,46320,,,61870,,5,1,-1,5,1,-1,,,,,,
2008,2,S,51,2273,2593,,45880,43690,,75190,73340,,109300,109100,,1,1,-1,1,1,-1,,,,,,
2008,2,S,53,1103,1420,,27890,32110,,44930,47290,,62460,66400,,1,1,-1,1,1,-1,,,,,,
2008,2,S,54,109,194,,21430,26750,,31460,39380,,46830,60020,,1,1,-1,1,1,-1,,,,,,
2008,2,S,55,301,633,,20800,25790,,28460,35780,,40130,47420,,1,1,-1,1,1,-1,,,,,,
2008,2,S,56,72,119,,27550,36370,,44590,52300,,62160,81290,,1,1,-1,1,1,-1,,,,,,
2010,2,S,01,722,480,,27860,30240,,46230,45560,,69550,68280,,1,1,-1,1,1,-1,,,,,,
2010,2,S,02,370,222,,25400,36010,,39820,54160,,58260,73590,,1,1,-1,1,1,-1,,,,,,
2010,2,S,04,817,595,,23490,28340,,39530,41890,,68570,63330,,1,1,-1,1,1,-1,,,,,,
2010,2,S,05,251,181,,19050,25350,,27100,34000,,35850,44310,,1,1,-1,1,1,-1,,,,,,
2010,2,S,06,1183,1416,,21950,27930,,32830,40690,,52550,59580,,1,1,-1,1,1,-1,,,,,,
2010,2,S,08,883,710,,24610,30330,,36770,42240,,54410,57570,,1,1,-1,1,1,-1,,,,,,
2010,2,S,09,101,99,,20540,28040,,28110,42330,,42810,60030,,1,1,-1,1,1,-1,,,,,,
2010,2,S,10,,,,,,,,,,,,,5,5,-1,5,5,-1,,,,,,
2010,2,S,11,275,226,,48600,57310,,68330,78450,,86740,103400,,1,1,-1,1,1,-1,,,,,,
2010,2,S,12,1293,1118,,22640,25030,,35110,36500,,67890,54610,,1,1,-1,1,1,-1,,,,,,
2010,2,S,13,1644,1025,,25060,29540,,38780,42370,,58650,60740,,1,1,-1,1,1,-1,,,,,,
2010,2,S,15,220,133,,28780,31340,,48120,52170,,77250,73640,,1,1,-1,1,1,-1,,,,,,
2010,2,S,16,104,107,,20770,22270,,27980,31460,,35600,40370,,1,1,-1,1,1,-1,,,,,,
2010,2,S,17,645,621,,21570,27500,,30860,40620,,46150,62040,,1,1,-1,1,1,-1,,,,,,
2010,2,S,18,480,426,,20840,29190,,29130,39460,,39100,52420,,1,1,-1,1,1,-1,,,,,,
2010,2,S,19,275,195,,22740,26720,,32450,38050,,44080,52430,,1,1,-1,1,1,-1,,,,,,
2010,2,S,20,592,357,,23020,28270,,33270,39720,,46590,53700,,1,1,-1,1,1,-1,,,,,,
2010,2,S,21,818,550,,27460,32850,,40050,46320,,59480,64340,,1,1,-1,1,1,-1,,,,,,
2010,2,S,22,487,338,,23490,29700,,34620,45030,,51430,60360,,1,1,-1,1,1,-1,,,,,,
2010,2,S,23,110,111,,17730,22600,,22830,34690,,34860,48400,,1,1,-1,1,1,-1,,,,,,
2010,2,S,24,910,492,,41510,41980,,73610,66190,,103600,99490,,1,1,-1,1,1,-1,,,,,,
2010,2,S,25,214,235,,21050,32410,,31940,48220,,50970,66100,,1,1,-1,1,1,-1,,,,,,
2010,2,S,26,469,456,,21020,26760,,30330,39230,,43420,57800,,1,1,-1,1,1,-1,,,,,,
2010,2,S,27,219,265,,19020,27360,,26720,37820,,38190,54100,,1,1,-1,1,1,-1,,,,,,
2010,2,S,28,204,122,,25510,24900,,37850,36290,,61400,53400,,1,1,-1,1,1,-1,,,,,,
2010,2,S,29,699,491,,22180,25940,,31360,37690,,45660,54530,,1,1,-1,1,1,-1,,,,,,
2010,2,S,30,87,116,,18240,24300,,24350,36980,,33850,55120,,1,1,-1,1,1,-1,,,,,,
2010,2,S,31,188,153,,20460,26530,,28670,38530,,39220,50020,,1,1,-1,1,1,-1,,,,,,
2010,2,S,32,273,193,,22930,27430,,33210,39730,,48400,54490,,1,1,-1,1,1,-1,,,,,,
2010,2,S,33,70,70,,19180,28110,,24730,48620,,39880,63700,,1,1,-1,1,1,-1,,,,,,
2010,2,S,34,184,193,,25920,29900,,41460,47010,,59510,65350,,1,1,-1,1,1,-1,,,,,,
2010,2,S,35,176,163,,23550,25800,,35840,42640,,51720,67860,,1,1,-1,1,1,-1,,,,,,
2010,2,S,36,719,693,,22340,29320,,32150,43250,,49340,61460,,1,1,-1,1,1,-1,,,,,,
2010,2,S,37,1407,935,,26300,31040,,40830,43640,,63880,61300,,1,1,-1,1,1,-1,,,,,,
2010,2,S,38,153,105,,29850,33350,,43830,55530,,71250,82350,,1,1,-1,1,1,-1,,,,,,
2010,2,S,39,625,653,,20290,27060,,27640,38870,,38770,54000,,1,1,-1,1,1,-1,,,,,,
2010,2,S,40,746,448,,22700,29450,,34020,40180,,51520,57360,,1,1,-1,1,1,-1,,,,,,
2010,2,S,41,219,282,,19690,25620,,27430,35600,,39420,52050,,1,1,-1,1,1,-1,,,,,,
2010,2,S,42,579,612,,22820,30220,,34000,42880,,49930,59100,,1,1,-1,1,1,-1,,,,,,
2010,2,S,44,,,,,,,,,,,,,5,5,-1,5,5,-1,,,,,,
2010,2,S,45,549,377,,23940,27990,,33850,39520,,51890,52360,,1,1,-1,1,1,-1,,,,,,
2010,2,S,46,80,56,,20340,30620,,28110,39280,,36200,50370,,1,1,-1,1,1,-1,,,,,,
2010,2,S,47,773,552,,21480,27300,,29570,37650,,45530,50820,,1,1,-1,1,1,-1,,,,,,
2010,2,S,48,5154,3657,,24280,31370,,36870,45610,,56610,63690,,1,1,-1,1,1,-1,,,,,,
2010,2,S,49,214,143,,22770,27340,,32420,39180,,51170,58510,,1,1,-1,1,1,-1,,,,,,
2010,2,S,50,,,,,,,,,,,,,5,5,-1,5,5,-1,,,,,,
2010,2,S,51,2648,1307,,44540,43120,,76620,68050,,116500,100300,,1,1,-1,1,1,-1,,,,,,
2010,2,S,53,988,780,,24600,32890,,36380,45790,,57320,65920,,1,1,-1,1,1,-1,,,,,,
2010,2,S,54,140,106,,23640,26200,,35370,39730,,50370,52890,,1,1,-1,1,1,-1,,,,,,
2010,2,S,55,370,354,,20240,27030,,27360,39750,,37210,52920,,1,1,-1,1,1,-1,,,,,,
2010,2,S,56,107,70,,26320,27280,,41550,41140,,61060,58560,,1,1,-1,1,1,-1,,,,,,
2012,2,S,01,936,,,21210,,,32390,,,48670,,,1,-1,-1,1,-1,-1,,,,,,
2012,2,S,02,482,,,26820,,,41010,,,56280,,,1,-1,-1,1,-1,-1,,,,,,
2012,2,S,04,1061,,,21100,,,30960,,,46530,,,1,-1,-1,1,-1,-1,,,,,,
2012,2,S,05,386,,,19670,,,27720,,,37960,,,1,-1,-1,1,-1,-1,,,,,,
2012,2,S,06,1922,,,20700,,,29450,,,43980,,,1,-1,-1,1,-1,-1,,,,,,
2012,2,S,08,1519,,,21530,,,32230,,,47720,,,1,-1,-1,1,-1,-1,,,,,,
2012,2,S,09,139,,,23940,,,36340,,,54420,,,1,-1,-1,1,-1,-1,,,,,,
2012,2,S,10,74,,,23450,,,38380,,,64940,,,1,-1,-1,1,-1,-1,,,,,,
2012,2,S,11,255,,,42530,,,62840,,,81090,,,1,-1,-1,1,-1,-1,,,,,,
2012,2,S,12,2273,,,19790,,,27580,,,41650,,,1,-1,-1,1,-1,-1,,,,,,
2012,2,S,13,2269,,,21760,,,30230,,,44080,,,1,-1,-1,1,-1,-1,,,,,,
2012,2,S,15,203,,,23790,,,36750,,,56870,,,1,-1,-1,1,-1,-1,,,,,,
2012,2,S,16,210,,,19690,,,27280,,,36870,,,1,-1,-1,1,-1,-1,,,,,,
2012,2,S,17,921,,,20150,,,28800,,,42440,,,1,-1,-1,1,-1,-1,,,,,,
2012,2,S,18,893,,,21380,,,29830,,,39560,,,1,-1,-1,1,-1,-1,,,,,,
2012,2,S,19,394,,,22120,,,30560,,,39990,,,1,-1,-1,1,-1,-1,,,,,,
2012,2,S,20,853,,,22130,,,30400,,,40010,,,1,-1,-1,1,-1,-1,,,,,,
2012,2,S,21,999,,,22240,,,32180,,,44610,,,1,-1,-1,1,-1,-1,,,,,,
2012,2,S,22,757,,,22820,,,34550,,,51160,,,1,-1,-1,1,-1,-1,,,,,,
2012,2,S,23,182,,,19270,,,27470,,,36970,,,1,-1,-1,1,-1,-1,,,,,,
2012,2,S,24,904,,,31160,,,52950,,,82720,,,1,-1,-1,1,-1,-1,,,,,,
2012,2,S,25,402,,,22820,,,33030,,,49350,,,1,-1,-1,1,-1,-1,,,,,,
2012,2,S,26,927,,,20550,,,28530,,,39870,,,1,-1,-1,1,-1,-1,,,,,,
2012,2,S,27,430,,,19540,,,28320,,,39940,,,1,-1,-1,1,-1,-1,,,,,,
2012,2,S,28,270,,,21270,,,30770,,,41910,,,1,-1,-1,1,-1,-1,,,,,,
2012,2,S,29,989,,,20730,,,28600,,,38660,,,1,-1,-1,1,-1,-1,,,,,,
2012,2,S,30,161,,,20140,,,27480,,,38510,,,1,-1,-1,1,-1,-1,,,,,,
2012,2,S,31,382,,,22240,,,30410,,,40050,,,1,-1,-1,1,-1,-1,,,,,,
2012,2,S,32,434,,,22260,,,31360,,,44410,,,1,-1,-1,1,-1,-1,,,,,,
2012,2,S,33,136,,,20970,,,30200,,,40820,,,1,-1,-1,1,-1,-1,,,,,,
2012,2,S,34,327,,,19940,,,30500,,,47810,,,1,-1,-1,1,-1,-1,,,,,,
2012,2,S,35,313,,,22750,,,34310,,,53600,,,1,-1,-1,1,-1,-1,,,,,,
2012,2,S,36,1099,,,20280,,,29760,,,42600,,,1,-1,-1,1,-1,-1,,,,,,
2012,2,S,37,1888,,,21850,,,31880,,,47680,,,1,-1,-1,1,-1,-1,,,,,,
2012,2,S,38,286,,,31460,,,48810,,,77930,,,1,-1,-1,1,-1,-1,,,,,,
2012,2,S,39,1262,,,20460,,,28470,,,39750,,,1,-1,-1,1,-1,-1,,,,,,
2012,2,S,40,1132,,,22530,,,31930,,,45000,,,1,-1,-1,1,-1,-1,,,,,,
2012,2,S,41,391,,,20820,,,28740,,,39380,,,1,-1,-1,1,-1,-1,,,,,,
2012,2,S,42,942,,,21630,,,31220,,,44680,,,1,-1,-1,1,-1,-1,,,,,,
2012,2,S,44,63,,,19730,,,30020,,,42670,,,1,-1,-1,1,-1,-1,,,,,,
2012,2,S,45,824,,,22000,,,30740,,,42010,,,1,-1,-1,1,-1,-1,,,,,,
2012,2,S,46,100,,,20570,,,27690,,,37890,,,1,-1,-1,1,-1,-1,,,,,,
2012,2,S,47,1327,,,21380,,,29150,,,39710,,,1,-1,-1,1,-1,-1,,,,,,
2012,2,S,48,7652,,,23830,,,35700,,,52480,,,1,-1,-1,1,-1,-1,,,,,,
2012,2,S,49,338,,,21180,,,29680,,,41350,,,1,-1,-1,1,-1,-1,,,,,,
2012,2,S,50,,,,,,,,,,,,,5,-1,-1,5,-1,-1,,,,,,
2012,2,S,51,2518,,,30240,,,50810,,,85780,,,1,-1,-1,1,-1,-1,,,,,,
2012,2,S,53,1615,,,22060,,,32230,,,45770,,,1,-1,-1,1,-1,-1,,,,,,
2012,2,S,54,219,,,22250,,,32230,,,47810,,,1,-1,-1,1,-1,-1,,,,,,
2012,2,S,55,628,,,19770,,,27210,,,37460,,,1,-1,-1,1,-1,-1,,,,,,
2012,2,S,56,182,,,27070,,,41360,,,59040,,,1,-1,-1,1,-1,-1,,,,,,
2014,2,S,01,409,,,22800,,,32080,,,44770,,,1,-1,-1,1,-1,-1,,,,,,
2014,2,S,02,288,,,28110,,,40180,,,55870,,,1,-1,-1,1,-1,-1,,,,,,
2014,2,S,04,627,,,20530,,,30780,,,42360,,,1,-1,-1,1,-1,-1,,,,,,
2014,2,S,05,202,,,19290,,,25660,,,40290,,,1,-1,-1,1,-1,-1,,,,,,
2014,2,S,06,1276,,,21630,,,32740,,,49490,,,1,-1,-1,1,-1,-1,,,,,,
2014,2,S,08,973,,,23410,,,34790,,,47760,,,1,-1,-1,1,-1,-1,,,,,,
2014,2,S,09,100,,,21790,,,34000,,,50370,,,1,-1,-1,1,-1,-1,,,,,,
2014,2,S,10,,,,,,,,,,,,,5,-1,-1,5,-1,-1,,,,,,
2014,2,S,11,119,,,35720,,,53030,,,73970,,,1,-1,-1,1,-1,-1,,,,,,
2014,2,S,12,1315,,,19760,,,27520,,,39230,,,1,-1,-1,1,-1,-1,,,,,,
2014,2,S,13,1298,,,22140,,,32580,,,44650,,,1,-1,-1,1,-1,-1,,,,,,
2014,2,S,15,152,,,19640,,,32830,,,55620,,,1,-1,-1,1,-1,-1,,,,,,
2014,2,S,16,154,,,21180,,,29150,,,37330,,,1,-1,-1,1,-1,-1,,,,,,
2014,2,S,17,522,,,20990,,,29720,,,41650,,,1,-1,-1,1,-1,-1,,,,,,
2014,2,S,18,479,,,23350,,,31980,,,42020,,,1,-1,-1,1,-1,-1,,,,,,
2014,2,S,19,223,,,22660,,,33890,,,44750,,,1,-1,-1,1,-1,-1,,,,,,
2014,2,S,20,486,,,21740,,,30850,,,40720,,,1,-1,-1,1,-1,-1,,,,,,
2014,2,S,21,555,,,24310,,,34670,,,48660,,,1,-1,-1,1,-1,-1,,,,,,
2014,2,S,22,366,,,23610,,,32250,,,46060,,,1,-1,-1,1,-1,-1,,,,,,
2014,2,S,23,97,,,20780,,,28280,,,42810,,,1,-1,-1,1,-1,-1,,,,,,
2014,2,S,24,440,,,33590,,,48580,,,72860,,,1,-1,-1,1,-1,-1,,,,,,
2014,2,S,25,247,,,24070,,,35530,,,52010,,,1,-1,-1,1,-1,-1,,,,,,
2014,2,S,26,525,,,21420,,,30760,,,41890,,,1,-1,-1,1,-1,-1,,,,,,
2014,2,S,27,226,,,23390,,,33390,,,43170,,,1,-1,-1,1,-1,-1,,,,,,
2014,2,S,28,125,,,20900,,,30680,,,39640,,,1,-1,-1,1,-1,-1,,,,,,
2014,2,S,29,533,,,22430,,,29950,,,39960,,,1,-1,-1,1,-1,-1,,,,,,
2014,2,S,30,83,,,18680,,,27140,,,34690,,,1,-1,-1,1,-1,-1,,,,,,
2014,2,S,31,188,,,22070,,,31000,,,40180,,,1,-1,-1,1,-1,-1,,,,,,
2014,2,S,32,272,,,19820,,,29480,,,42090,,,1,-1,-1,1,-1,-1,,,,,,
2014,2,S,33,84,,,22740,,,34000,,,47290,,,1,-1,-1,1,-1,-1,,,,,,
2014,2,S,34,198,,,20870,,,29780,,,46810,,,1,-1,-1,1,-1,-1,,,,,,
2014,2,S,35,189,,,23350,,,33270,,,47810,,,1,-1,-1,1,-1,-1,,,,,,
2014,2,S,36,606,,,21610,,,30570,,,45070,,,1,-1,-1,1,-1,-1,,,,,,
2014,2,S,37,1150,,,22660,,,33140,,,47480,,,1,-1,-1,1,-1,-1,,,,,,
2014,2,S,38,106,,,30980,,,50980,,,71840,,,1,-1,-1,1,-1,-1,,,,,,
2014,2,S,39,757,,,22880,,,31100,,,43270,,,1,-1,-1,1,-1,-1,,,,,,
2014,2,S,40,482,,,22520,,,31830,,,44840,,,1,-1,-1,1,-1,-1,,,,,,
2014,2,S,41,264,,,20650,,,31460,,,42910,,,1,-1,-1,1,-1,-1,,,,,,
2014,2,S,42,529,,,23840,,,34040,,,47520,,,1,-1,-1,1,-1,-1,,,,,,
2014,2,S,44,,,,,,,,,,,,,5,-1,-1,5,-1,-1,,,,,,
2014,2,S,45,437,,,23480,,,32680,,,42920,,,1,-1,-1,1,-1,-1,,,,,,
2014,2,S,46,58,,,22330,,,31120,,,39280,,,1,-1,-1,1,-1,-1,,,,,,
2014,2,S,47,736,,,21340,,,30810,,,40890,,,1,-1,-1,1,-1,-1,,,,,,
2014,2,S,48,3770,,,23940,,,35210,,,50540,,,1,-1,-1,1,-1,-1,,,,,,
2014,2,S,49,198,,,22480,,,32020,,,46060,,,1,-1,-1,1,-1,-1,,,,,,
2014,2,S,50,,,,,,,,,,,,,5,-1,-1,5,-1,-1,,,,,,
2014,2,S,51,976,,,29070,,,46710,,,71370,,,1,-1,-1,1,-1,-1,,,,,,
2014,2,S,53,1196,,,23440,,,33500,,,47080,,,1,-1,-1,1,-1,-1,,,,,,
2014,2,S,54,92,,,20920,,,29780,,,44590,,,1,-1,-1,1,-1,-1,,,,,,
2014,2,S,55,352,,,22710,,,31560,,,41540,,,1,-1,-1,1,-1,-1,,,,,,
2014,2,S,56,74,,,28110,,,46750,,,56580,,,1,-1,-1,1,-1,-1,,,,,,
