cohort,cohort_years,dod_occ_code_level,dod_occ_code,geo_level,geography,y1_emp,y5_emp,y10_emp,y1_p25_earnings,y5_p25_earnings,y10_p25_earnings,y1_p50_earnings,y5_p50_earnings,y10_p50_earnings,y1_p75_earnings,y5_p75_earnings,y10_p75_earnings,status_y1_emp,status_y5_emp,status_y10_emp,status_y1_earn,status_y5_earn,status_y10_earn,y1_nonemp,y5_nonemp,y10_nonemp,status_y1_nonemp,status_y5_nonemp,status_y10_nonemp
2000,8,2,10X,S,01,906,934,777,23090,29870,34140,32620,42470,47190,44900,58980,70360,1,1,1,1,1,1,,,,,,
2000,8,2,10X,S,02,459,417,325,29230,35210,42430,40030,55640,62940,57660,75820,87860,1,1,1,1,1,1,,,,,,
2000,8,2,10X,S,04,952,1413,1137,20960,29650,34870,29990,43070,50000,42340,59640,72900,1,1,1,1,1,1,,,,,,
2000,8,2,10X,S,05,342,516,404,19480,25040,28230,27340,36290,40950,36660,49670,55120,1,1,1,1,1,1,,,,,,
2000,8,2,10X,S,06,4076,4551,3472,20870,30890,37670,30060,45780,56980,42970,67110,83410,1,1,1,1,1,1,,,,,,
2000,8,2,10X,S,08,1639,1508,1148,23310,31370,34670,33840,44160,52420,46230,61160,73300,1,1,1,1,1,1,,,,,,
2000,8,2,10X,S,09,292,310,230,20190,30870,41930,31460,44190,58490,43460,57970,78560,1,1,1,1,1,1,,,,,,
2000,8,2,10X,S,10,106,105,70,21590,28810,32720,33140,44390,50370,47090,57440,70530,1,1,1,1,1,1,,,,,,
2000,8,2,10X,S,11,86,221,208,32130,46990,52620,46060,64260,76270,58190,84670,97570,1,1,1,1,1,1,,,,,,
2000,8,2,10X,S,12,2962,3168,2502,20500,27060,30210,29390,39560,44420,40650,55260,62650,1,1,1,1,1,1,,,,,,
2000,8,2,10X,S,13,2796,2784,2023,24910,31740,33850,34740,42980,46570,46200,57180,62830,1,1,1,1,1,1,,,,,,
2000,8,2,10X,S,15,266,227,176,20950,29570,37380,30490,45750,55620,46060,66910,76170,1,1,1,1,1,1,,,,,,
2000,8,2,10X,S,16,284,321,253,18550,23270,25830,25730,34200,37900,34510,45450,54180,1,1,1,1,1,1,,,,,,
2000,8,2,10X,S,17,1257,1512,1198,19250,27590,36750,27920,40690,52890,40170,57780,74110,1,1,1,1,1,1,,,,,,
2000,8,2,10X,S,18,1009,959,821,20930,27240,32090,30210,39440,45200,41480,52440,61500,1,1,1,1,1,1,,,,,,
2000,8,2,10X,S,19,411,459,387,19690,25090,32480,28080,37560,45030,38070,51720,61630,1,1,1,1,1,1,,,,,,
2000,8,2,10X,S,20,912,885,629,22060,29840,34840,30750,40690,46440,40610,54080,60930,1,1,1,1,1,1,,,,,,
2000,8,2,10X,S,21,1446,1456,1075,24230,32660,35460,33870,44350,49790,45350,55710,65400,1,1,1,1,1,1,,,,,,
2000,8,2,10X,S,22,733,776,608,21530,30400,37460,31490,44930,52090,43580,62320,73430,1,1,1,1,1,1,,,,,,
2000,8,2,10X,S,23,258,274,215,18020,22220,29990,24830,32430,41870,33950,42010,58260,1,1,1,1,1,1,,,,,,
2000,8,2,10X,S,24,670,721,591,22420,33950,38090,33140,48610,58930,46000,68230,84390,1,1,1,1,1,1,,,,,,
2000,8,2,10X,S,25,,229,550,,31670,38760,,51040,59290,,68000,81820,-1,1,1,-1,1,1,,,,,,
2000,8,2,10X,S,26,1064,1056,909,19020,26030,32420,27020,38120,47050,38200,53740,68260,1,1,1,1,1,1,,,,,,
2000,8,2,10X,S,27,521,567,468,20150,27560,33910,29190,40670,47720,40810,53680,64110,1,1,1,1,1,1,,,,,,
2000,8,2,10X,S,28,191,326,256,20500,25140,30200,28340,36580,42090,40320,50150,59420,1,1,1,1,1,1,,,,,,
2000,8,2,10X,S,29,1186,1215,934,21190,26940,31710,29780,37730,44470,39360,52990,60060,1,1,1,1,1,1,,,,,,
2000,8,2,10X,S,30,213,224,189,18700,23380,28820,25810,36010,40820,35920,53450,61240,1,1,1,1,1,1,,,,,,
2000,8,2,10X,S,31,329,316,255,20450,26630,30490,28780,37200,44260,37100,49490,58640,1,1,1,1,1,1,,,,,,
2000,8,2,10X,S,32,617,669,460,22570,29680,33000,32510,43340,50840,48490,66510,75410,1,1,1,1,1,1,,,,,,
2000,8,2,10X,S,33,132,196,139,22020,29520,40700,29250,39800,50370,39580,54280,69190,1,1,1,1,1,1,,,,,,
2000,8,2,10X,S,34,640,678,514,21600,32720,40400,30310,48430,61020,41910,67700,86520,1,1,1,1,1,1,,,,,,
2000,8,2,10X,S,35,447,491,391,21160,28860,38340,30070,41520,55740,44560,59770,75400,1,1,1,1,1,1,,,,,,
2000,8,2,10X,S,36,1898,2249,1826,19940,29480,37100,28550,43760,54330,40430,63920,83610,1,1,1,1,1,1,,,,,,
2000,8,2,10X,S,37,2125,2137,1666,23640,31080,35110,34900,44210,49480,49210,62500,69310,1,1,1,1,1,1,,,,,,
2000,8,2,10X,S,38,110,149,196,14680,26760,40610,21790,43430,57620,29640,63840,86670,1,1,1,1,1,1,,,,,,
2000,8,2,10X,S,39,1615,1682,1359,20290,26240,33270,28690,37260,45890,38640,51410,64180,1,1,1,1,1,1,,,,,,
2000,8,2,10X,S,40,1263,1353,1094,21190,28070,33290,29280,40630,46760,40680,55440,64530,1,1,1,1,1,1,,,,,,
2000,8,2,10X,S,41,578,618,527,19360,25570,30970,27260,39380,47300,38960,53540,65020,1,1,1,1,1,1,,,,,,
2000,8,2,10X,S,42,1478,1802,1554,19890,27790,34890,28620,40810,49880,39620,54250,65760,1,1,1,1,1,1,,,,,,
2000,8,2,10X,S,44,115,99,67,17720,28230,35720,25780,38900,48680,36150,51380,66350,1,1,1,1,1,1,,,,,,
2000,8,2,10X,S,45,918,946,727,22780,28920,30950,31810,39660,42910,41580,51990,57280,1,1,1,1,1,1,,,,,,
2000,8,2,10X,S,46,147,162,140,19280,28810,25460,27230,37930,40880,36960,45850,53770,1,1,1,1,1,1,,,,,,
2000,8,2,10X,S,47,1619,1508,1161,21900,29000,33700,31380,41390,45710,42680,55990,60590,1,1,1,1,1,1,,,,,,
2000,8,2,10X,S,48,6645,6870,5532,22050,31390,38370,32010,45200,54840,46190,63080,76980,1,1,1,1,1,1,,,,,,
2000,8,2,10X,S,49,294,326,269,21130,27190,33800,28610,39690,47690,37530,52380,66460,1,1,1,1,1,1,,,,,,
2000,8,2,10X,S,50,101,97,70,19470,27690,35720,31090,39580,47600,42570,52110,65760,1,1,1,1,1,1,,,,,,
2000,8,2,10X,S,51,1743,2088,1598,25530,36730,41180,40430,56830,66150,66740,99860,107500,1,1,1,1,1,1,,,,,,
2000,8,2,10X,S,53,2107,2029,1612,22580,33630,40550,33560,48890,56520,47290,66530,78410,1,1,1,1,1,1,,,,,,
2000,8,2,10X,S,54,265,353,296,19560,24700,31790,26780,39230,46940,37130,53550,64750,1,1,1,1,1,1,,,,,,
2000,8,2,10X,S,55,706,778,626,19930,27370,33250,28950,38110,45120,39150,50770,60750,1,1,1,1,1,1,,,,,,
2000,8,2,10X,S,56,203,214,184,25910,31460,44460,38380,50500,60970,57410,72420,81590,1,1,1,1,1,1,,,,,,
2000,8,2,11X,S,01,351,374,254,29870,37700,44350,43910,55120,63840,64650,80890,86990,1,1,1,1,1,1,,,,,,
2000,8,2,11X,S,02,82,91,76,33310,31740,40180,48120,52240,64390,67400,75450,87560,1,1,1,1,1,1,,,,,,
2000,8,2,11X,S,04,319,473,352,27960,36770,45500,45490,59570,69170,67380,82370,88970,1,1,1,1,1,1,,,,,,
2000,8,2,11X,S,05,51,91,83,17550,23450,34490,24730,38380,47860,35720,50850,70360,1,1,1,1,1,1,,,,,,
2000,8,2,11X,S,06,670,804,618,25290,38140,45550,38560,56690,66790,58890,78730,91480,1,1,1,1,1,1,,,,,,
2000,8,2,11X,S,08,452,450,304,30130,45030,47090,53930,68430,70900,79710,98990,95900,1,1,1,1,1,1,,,,,,
2000,8,2,11X,S,09,,,,,,,,,,,,,5,5,5,5,5,5,,,,,,
2000,8,2,11X,S,10,,,,,,,,,,,,,5,5,5,5,5,5,,,,,,
2000,8,2,11X,S,11,74,112,104,49240,57620,80200,73450,80690,104100,95150,99440,130200,1,1,1,1,1,1,,,,,,
2000,8,2,11X,S,12,770,873,685,22400,30400,33970,33490,41910,49110,47330,60110,71290,1,1,1,1,1,1,,,,,,
2000,8,2,11X,S,13,954,953,679,26990,34470,39310,39830,50510,56070,59260,68850,76370,1,1,1,1,1,1,,,,,,
2000,8,2,11X,S,15,100,103,61,25300,49240,40660,43050,73810,78240,81430,98040,93320,1,1,1,1,1,1,,,,,,
2000,8,2,11X,S,16,50,,,22230,,,31460,,,54490,,,1,5,5,1,5,5,,,,,,
2000,8,2,11X,S,17,210,274,225,24620,34760,40340,40180,50120,60460,61270,72150,78490,1,1,1,1,1,1,,,,,,
2000,8,2,11X,S,18,128,165,134,21640,28040,32930,31220,37820,47800,48120,58610,67400,1,1,1,1,1,1,,,,,,
2000,8,2,11X,S,19,53,60,,20260,23590,,31940,35890,,43530,53870,,1,1,5,1,1,5,,,,,,
2000,8,2,11X,S,20,148,126,95,26060,35030,38830,35260,49160,59390,54280,64700,79590,1,1,1,1,1,1,,,,,,
2000,8,2,11X,S,21,170,190,134,24730,33000,39060,35070,45940,52050,50590,62110,68970,1,1,1,1,1,1,,,,,,
2000,8,2,11X,S,22,198,197,145,23140,31810,37390,34200,45510,51040,51870,65370,75350,1,1,1,1,1,1,,,,,,
2000,8,2,11X,S,23,,,,,,,,,,,,,5,5,5,5,5,5,,,,,,
2000,8,2,11X,S,24,426,461,380,41890,55020,63660,66310,80900,92440,84970,111000,120300,1,1,1,1,1,1,,,,,,
2000,8,2,11X,S,25,,73,73,,47350,47350,,68780,68780,,93660,93660,-1,1,1,-1,1,1,,,,,,
2000,8,2,11X,S,26,179,192,145,21330,30120,32300,34430,44750,50090,50650,62080,72040,1,1,1,1,1,1,,,,,,
2000,8,2,11X,S,27,82,83,76,25220,29680,36010,35890,45550,52620,55530,59750,73250,1,1,1,1,1,1,,,,,,
2000,8,2,11X,S,28,,84,68,,24300,28950,,37610,47530,,48120,60460,5,1,1,5,1,1,,,,,,
2000,8,2,11X,S,29,161,202,140,21770,29220,33900,30540,40580,43460,44440,56990,64750,1,1,1,1,1,1,,,,,,
2000,8,2,11X,S,30,,,,,,,,,,,,,5,5,5,5,5,5,,,,,,
2000,8,2,11X,S,31,,60,,,26440,,,37780,,,47430,,5,1,5,5,1,5,,,,,,
2000,8,2,11X,S,32,113,127,93,25590,30090,38530,32950,43760,52970,51210,67950,71840,1,1,1,1,1,1,,,,,,
2000,8,2,11X,S,33,,,,,,,,,,,,,5,5,5,5,5,5,,,,,,
2000,8,2,11X,S,34,184,158,86,31460,40820,43370,49920,61230,68230,84540,98950,101900,1,1,1,1,1,1,,,,,,
2000,8,2,11X,S,35,100,115,99,22100,36290,39280,38980,52240,55120,63290,71480,77250,1,1,1,1,1,1,,,,,,
2000,8,2,11X,S,36,302,376,311,23730,32100,38680,35830,47390,56370,52410,68600,79810,1,1,1,1,1,1,,,,,,
2000,8,2,11X,S,37,559,565,420,24900,34240,37990,38520,48680,55120,55600,67510,77490,1,1,1,1,1,1,,,,,,
2000,8,2,11X,S,38,,,,,,,,,,,,,5,5,5,5,5,5,,,,,,
2000,8,2,11X,S,39,248,277,216,21180,25830,34000,30740,38380,47480,45370,54410,63290,1,1,1,1,1,1,,,,,,
2000,8,2,11X,S,40,209,228,172,22330,29560,37930,32580,44460,52620,49490,62530,69870,1,1,1,1,1,1,,,,,,
2000,8,2,11X,S,41,108,116,104,25070,31460,33140,37480,48120,49240,61160,67240,72500,1,1,1,1,1,1,,,,,,
2000,8,2,11X,S,42,304,384,292,23610,31340,39910,36580,46290,53570,54620,64940,79710,1,1,1,1,1,1,,,,,,
2000,8,2,11X,S,44,,,,,,,,,,,,,5,5,5,5,5,5,,,,,,
2000,8,2,11X,S,45,199,238,187,22200,29670,32690,33040,42980,49040,48550,64850,64840,1,1,1,1,1,1,,,,,,
2000,8,2,11X,S,46,,,,,,,,,,,,,5,5,5,5,5,5,,,,,,
2000,8,2,11X,S,47,256,239,173,21790,29340,33240,32720,42640,53380,47090,57750,66860,1,1,1,1,1,1,,,,,,
2000,8,2,11X,S,48,1646,1769,1423,25190,35930,40310,38910,51850,58710,58770,73380,84910,1,1,1,1,1,1,,,,,,
2000,8,2,11X,S,49,64,75,61,22100,29360,49520,33140,51270,63010,71180,71640,78970,1,1,1,1,1,1,,,,,,
2000,8,2,11X,S,50,,,,,,,,,,,,,5,5,5,5,5,5,,,,,,
2000,8,2,11X,S,51,886,952,670,41610,53050,59960,69560,83590,91160,95380,115500,125500,1,1,1,1,1,1,,,,,,
2000,8,2,11X,S,53,376,379,282,26320,35020,41520,41310,52240,58970,61330,76540,86890,1,1,1,1,1,1,,,,,,
2000,8,2,11X,S,54,,,65,,,34210,,,51270,,,81430,5,5,1,5,5,1,,,,,,
2000,8,2,11X,S,55,98,117,104,19180,27070,34860,30900,37550,46850,44690,53370,66580,1,1,1,1,1,1,,,,,,
2000,8,2,11X,S,56,,,,,,,,,,,,,5,5,5,5,5,5,,,,,,
2000,8,2,12X,S,01,419,415,344,24760,37020,43290,38080,54680,68230,60120,77390,91520,1,1,1,1,1,1,,,,,,
2000,8,2,12X,S,02,112,124,100,27780,42730,48620,40560,58090,66110,60460,76060,89300,1,1,1,1,1,1,,,,,,
2000,8,2,12X,S,04,883,1146,779,34630,42740,44820,56030,68060,71460,75700,86150,90900,1,1,1,1,1,1,,,,,,
2000,8,2,12X,S,05,89,156,131,18470,26210,28230,27070,37010,43790,40000,50570,62820,1,1,1,1,1,1,,,,,,
2000,8,2,12X,S,06,1300,1443,1122,21530,32530,42850,32450,50750,64320,51570,73780,91550,1,1,1,1,1,1,,,,,,
2000,8,2,12X,S,08,927,888,630,26490,36010,45000,41690,55080,67820,65310,85850,95350,1,1,1,1,1,1,,,,,,
2000,8,2,12X,S,09,78,101,71,18870,33350,32930,34000,46270,73810,50370,62400,95690,1,1,1,1,1,1,,,,,,
2000,8,2,12X,S,10,,,,,,,,,,,,,5,5,5,5,5,5,,,,,,
2000,8,2,12X,S,11,180,324,247,57620,68930,83620,77750,97390,105800,96410,118700,131500,1,1,1,1,1,1,,,,,,
2000,8,2,12X,S,12,1351,1446,1065,23690,32860,35980,35860,48250,52580,59580,76280,81030,1,1,1,1,1,1,,,,,,
2000,8,2,12X,S,13,1321,1356,963,26210,35220,38510,39200,50640,56400,58840,72760,77470,1,1,1,1,1,1,,,,,,
2000,8,2,12X,S,15,183,164,129,30760,42090,44260,57340,69870,77310,81350,95800,100400,1,1,1,1,1,1,,,,,,
2000,8,2,12X,S,16,78,106,79,19800,25220,30410,27000,32880,43210,39280,47770,56680,1,1,1,1,1,1,,,,,,
2000,8,2,12X,S,17,374,508,437,20370,30850,38540,31620,46750,57860,51080,68740,82100,1,1,1,1,1,1,,,,,,
2000,8,2,12X,S,18,289,292,264,21710,26650,34200,32520,39280,49020,44380,56740,66030,1,1,1,1,1,1,,,,,,
2000,8,2,12X,S,19,105,145,118,19080,26530,30620,26050,39640,45830,35880,53990,67900,1,1,1,1,1,1,,,,,,
2000,8,2,12X,S,20,272,265,199,22350,30880,38430,32630,44130,57370,46380,66070,77870,1,1,1,1,1,1,,,,,,
2000,8,2,12X,S,21,464,454,346,24200,32200,37020,35690,45950,50120,48120,59040,64630,1,1,1,1,1,1,,,,,,
2000,8,2,12X,S,22,276,309,245,20890,28180,37120,31750,43100,53650,45370,61680,75510,1,1,1,1,1,1,,,,,,
2000,8,2,12X,S,23,83,89,71,20590,26650,32610,27830,36760,41380,34110,47090,54180,1,1,1,1,1,1,,,,,,
2000,8,2,12X,S,24,1002,929,688,40940,60070,61100,68010,91700,93990,91630,118300,122900,1,1,1,1,1,1,,,,,,
2000,8,2,12X,S,25,,94,177,,37980,43780,,54280,70860,,89730,98740,-1,1,1,-1,1,1,,,,,,
2000,8,2,12X,S,26,334,358,313,19500,27060,34790,28750,41100,52050,42700,58410,77640,1,1,1,1,1,1,,,,,,
2000,8,2,12X,S,27,172,194,136,21040,27830,40180,32530,42410,53170,43120,58560,74250,1,1,1,1,1,1,,,,,,
2000,8,2,12X,S,28,56,113,81,19340,30620,33280,29300,42330,48680,41710,59350,66380,1,1,1,1,1,1,,,,,,
2000,8,2,12X,S,29,338,376,318,21230,30070,33870,30720,39410,50050,46680,60290,72040,1,1,1,1,1,1,,,,,,
2000,8,2,12X,S,30,50,58,,17140,20260,,23510,27870,,34370,43050,,1,1,5,1,1,5,,,,,,
2000,8,2,12X,S,31,107,118,106,20680,32970,32300,30540,44000,44460,41140,63840,63700,1,1,1,1,1,1,,,,,,
2000,8,2,12X,S,32,212,220,160,24490,32780,35050,32830,48650,55310,49470,69870,80690,1,1,1,1,1,1,,,,,,
2000,8,2,12X,S,33,62,73,65,23310,25440,35830,32020,37030,52970,43370,56580,69640,1,1,1,1,1,1,,,,,,
2000,8,2,12X,S,34,259,263,170,25590,35040,42640,41140,60690,68560,74630,91140,108300,1,1,1,1,1,1,,,,,,
2000,8,2,12X,S,35,145,169,131,23500,33260,40050,35350,50370,61160,56010,74570,85480,1,1,1,1,1,1,,,,,,
2000,8,2,12X,S,36,594,714,567,21310,30720,41750,30990,46060,58640,45660,64820,87640,1,1,1,1,1,1,,,,,,
2000,8,2,12X,S,37,885,914,696,26070,34860,38300,40820,51400,56480,59190,76570,80340,1,1,1,1,1,1,,,,,,
2000,8,2,12X,S,38,,,67,,,44770,,,60460,,,86510,5,5,1,5,5,1,,,,,,
2000,8,2,12X,S,39,500,542,443,20400,27420,32700,28580,41980,47040,42390,60180,68110,1,1,1,1,1,1,,,,,,
2000,8,2,12X,S,40,349,374,290,21210,28550,33800,31020,42090,49670,49290,60640,66440,1,1,1,1,1,1,,,,,,
2000,8,2,12X,S,41,211,246,217,18860,28220,30950,27670,41330,48340,38190,57080,68230,1,1,1,1,1,1,,,,,,
2000,8,2,12X,S,42,509,635,530,20750,30770,39950,30980,44990,56370,44780,65670,75830,1,1,1,1,1,1,,,,,,
2000,8,2,12X,S,44,,,,,,,,,,,,,5,5,5,5,5,5,,,,,,
2000,8,2,12X,S,45,303,313,219,22980,24950,34740,32270,38280,47990,47170,54600,65830,1,1,1,1,1,1,,,,,,
2000,8,2,12X,S,46,,50,,,22710,,,32300,,,45550,,5,1,5,5,1,5,,,,,,
2000,8,2,12X,S,47,424,419,311,21180,29740,33740,31700,41950,50840,46060,56840,69950,1,1,1,1,1,1,,,,,,
2000,8,2,12X,S,48,2634,2813,2285,23650,34030,40410,36400,51460,60750,54740,73430,84840,1,1,1,1,1,1,,,,,,
2000,8,2,12X,S,49,116,117,100,21180,26530,28530,29780,40500,51970,45370,58470,72820,1,1,1,1,1,1,,,,,,
2000,8,2,12X,S,50,,,,,,,,,,,,,5,5,5,5,5,5,,,,,,
2000,8,2,12X,S,51,2192,2148,1494,51300,68230,64730,79020,98410,101400,100700,124300,133800,1,1,1,1,1,1,,,,,,
2000,8,2,12X,S,53,763,758,631,24110,34620,42000,36030,51550,62350,51840,73890,84930,1,1,1,1,1,1,,,,,,
2000,8,2,12X,S,54,89,125,87,18970,29130,37030,25730,40360,47180,45550,56990,61560,1,1,1,1,1,1,,,,,,
2000,8,2,12X,S,55,212,260,212,19990,29500,31460,29780,39870,45900,42370,53190,61400,1,1,1,1,1,1,,,,,,
2000,8,2,12X,S,56,54,63,,27440,29570,,41140,46570,,58560,71280,,1,1,5,1,1,5,,,,,,
2000,8,2,13X,S,01,73,93,64,23310,30620,43050,38380,44770,56990,51490,60280,80200,1,1,1,1,1,1,,,,,,
2000,8,2,13X,S,02,,,,,,,,,,,,,5,5,5,5,5,5,,,,,,
2000,8,2,13X,S,04,60,78,,25760,32720,,36580,45650,,47290,64520,,1,1,5,1,1,5,,,,,,
2000,8,2,13X,S,05,,,,,,,,,,,,,5,5,5,5,5,5,,,,,,
2000,8,2,13X,S,06,184,218,108,24730,40710,45030,38380,55400,59510,51030,72580,85780,1,1,1,1,1,1,,,,,,
2000,8,2,13X,S,08,126,110,52,26940,30980,42730,38380,48120,56370,53750,68040,79380,1,1,1,1,1,1,,,,,,
2000,8,2,13X,S,09,,,,,,,,,,,,,5,5,5,5,5,5,,,,,,
2000,8,2,13X,S,10,,,,,,,,,,,,,5,5,5,5,5,5,,,,,,
2000,8,2,13X,S,11,50,,,48960,,,56370,,,68780,,,1,5,5,1,5,5,,,,,,
2000,8,2,13X,S,12,214,248,121,23100,31560,40260,32660,43540,54350,45440,63290,75610,1,1,1,1,1,1,,,,,,
2000,8,2,13X,S,13,262,269,139,28390,36110,42330,37820,47400,58790,49490,64410,76600,1,1,1,1,1,1,,,,,,
2000,8,2,13X,S,15,,,,,,,,,,,,,5,5,5,5,5,5,,,,,,
2000,8,2,13X,S,16,,,,,,,,,,,,,5,5,5,5,5,5,,,,,,
2000,8,2,13X,S,17,59,71,,18840,35150,,38830,47430,,54490,70530,,1,1,5,1,1,5,,,,,,
2000,8,2,13X,S,18,60,63,,21640,24900,,36580,37480,,45370,54870,,1,1,5,1,1,5,,,,,,
2000,8,2,13X,S,19,,,,,,,,,,,,,5,5,5,5,5,5,,,,,,
2000,8,2,13X,S,20,55,59,,28950,34750,,38380,45720,,53660,59040,,1,1,5,1,1,5,,,,,,
2000,8,2,13X,S,21,94,86,,24730,36880,,39460,51490,,56230,65270,,1,1,5,1,1,5,,,,,,
2000,8,2,13X,S,22,57,56,,28610,28110,,37710,44590,,53550,52620,,1,1,5,1,1,5,,,,,,
2000,8,2,13X,S,23,,,,,,,,,,,,,5,5,5,5,5,5,,,,,,
2000,8,2,13X,S,24,155,152,76,34660,48120,49020,48270,62620,69870,62960,78730,87560,1,1,1,1,1,1,,,,,,
2000,8,2,13X,S,25,,,,,,,,,,,,,-1,5,5,-1,5,5,,,,,,
2000,8,2,13X,S,26,,64,,,29780,,,46750,,,60460,,5,1,5,5,1,5,,,,,,
2000,8,2,13X,S,27,,,,,,,,,,,,,5,5,5,5,5,5,,,,,,
2000,8,2,13X,S,28,,,,,,,,,,,,,5,5,5,5,5,5,,,,,,
2000,8,2,13X,S,29,59,88,,23340,33140,,32300,46750,,43590,60460,,1,1,5,1,1,5,,,,,,
2000,8,2,13X,S,30,,,,,,,,,,,,,5,5,5,5,5,5,,,,,,
2000,8,2,13X,S,31,,,,,,,,,,,,,5,5,5,5,5,5,,,,,,
2000,8,2,13X,S,32,,,,,,,,,,,,,5,5,5,5,5,5,,,,,,
2000,8,2,13X,S,33,,,,,,,,,,,,,5,5,5,5,5,5,,,,,,
2000,8,2,13X,S,34,,,,,,,,,,,,,5,5,5,5,5,5,,,,,,
2000,8,2,13X,S,35,,,,,,,,,,,,,5,5,5,5,5,5,,,,,,
2000,8,2,13X,S,36,80,105,68,26780,35000,39580,37610,45430,54280,55120,63780,75120,1,1,1,1,1,1,,,,,,
2000,8,2,13X,S,37,174,175,85,23730,35810,39640,37980,48230,56790,51940,62460,75530,1,1,1,1,1,1,,,,,,
2000,8,2,13X,S,38,,,,,,,,,,,,,5,5,5,5,5,5,,,,,,
2000,8,2,13X,S,39,77,84,,23880,28670,,34000,44000,,49690,54620,,1,1,5,1,1,5,,,,,,
2000,8,2,13X,S,40,62,57,,20720,30830,,29780,45550,,45030,58680,,1,1,5,1,1,5,,,,,,
2000,8,2,13X,S,41,,,,,,,,,,,,,5,5,5,5,5,5,,,,,,
2000,8,2,13X,S,42,65,105,51,28470,37260,35150,35940,49240,53450,52050,65880,78560,1,1,1,1,1,1,,,,,,
2000,8,2,13X,S,44,,,,,,,,,,,,,5,5,5,5,5,5,,,,,,
2000,8,2,13X,S,45,77,79,51,26650,32610,37480,39820,46060,49800,55370,65410,67570,1,1,1,1,1,1,,,,,,
2000,8,2,13X,S,46,,,,,,,,,,,,,5,5,5,5,5,5,,,,,,
2000,8,2,13X,S,47,101,92,51,23790,28110,37840,33800,39920,47600,43320,53240,67570,1,1,1,1,1,1,,,,,,
2000,8,2,13X,S,48,790,804,344,29240,37830,41790,41740,52980,58070,59570,70500,79450,1,1,1,1,1,1,,,,,,
2000,8,2,13X,S,49,,,,,,,,,,,,,5,5,5,5,5,5,,,,,,
2000,8,2,13X,S,50,,,,,,,,,,,,,5,5,5,5,5,5,,,,,,
2000,8,2,13X,S,51,193,213,130,30730,44070,49080,43370,58830,68080,61620,81550,97320,1,1,1,1,1,1,,,,,,
2000,8,2,13X,S,53,169,161,61,29120,39560,38830,39180,53780,60930,52510,67840,82240,1,1,1,1,1,1,,,,,,
2000,8,2,13X,S,54,,,,,,,,,,,,,5,5,5,5,5,5,,,,,,
2000,8,2,13X,S,55,,,,,,,,,,,,,5,5,5,5,5,5,,,,,,
2000,8,2,13X,S,56,,,,,,,,,,,,,5,5,5,5,5,5,,,,,,
2000,8,2,14X,S,01,160,163,136,27400,43810,44690,42270,57840,64610,64020,75200,86470,1,1,1,1,1,1,,,,,,
2000,8,2,14X,S,02,,,,,,,,,,,,,5,5,5,5,5,5,,,,,,
2000,8,2,14X,S,04,68,142,115,30340,32130,37480,41920,47150,55120,56620,64470,75940,1,1,1,1,1,1,,,,,,
2000,8,2,14X,S,05,,51,,,34000,,,50930,,,66860,,5,1,5,5,1,5,,,,,,
2000,8,2,14X,S,06,265,299,255,24080,29430,39620,37880,49180,61450,54660,69960,85720,1,1,1,1,1,1,,,,,,
2000,8,2,14X,S,08,121,125,96,28020,31880,44590,38160,44690,59360,53870,71840,83880,1,1,1,1,1,1,,,,,,
2000,8,2,14X,S,09,,,,,,,,,,,,,5,5,5,5,5,5,,,,,,
2000,8,2,14X,S,10,,,,,,,,,,,,,5,5,5,5,5,5,,,,,,
2000,8,2,14X,S,11,,81,83,,57860,71840,,78240,95690,,100300,118900,5,1,1,5,1,1,,,,,,
2000,8,2,14X,S,12,249,285,241,22740,32740,34780,33240,45790,50250,50430,65790,73690,1,1,1,1,1,1,,,,,,
2000,8,2,14X,S,13,228,239,187,23930,33270,37530,36940,45960,53190,49500,61640,67920,1,1,1,1,1,1,,,,,,
2000,8,2,14X,S,15,,,,,,,,,,,,,5,5,5,5,5,5,,,,,,
2000,8,2,14X,S,16,,,,,,,,,,,,,5,5,5,5,5,5,,,,,,
2000,8,2,14X,S,17,80,81,84,18460,30200,37180,33140,46060,57620,51120,67130,75500,1,1,1,1,1,1,,,,,,
2000,8,2,14X,S,18,,,,,,,,,,,,,5,5,5,5,5,5,,,,,,
2000,8,2,14X,S,19,,,,,,,,,,,,,5,5,5,5,5,5,,,,,,
2000,8,2,14X,S,20,,,,,,,,,,,,,5,5,5,5,5,5,,,,,,
2000,8,2,14X,S,21,73,85,62,25440,30620,31880,35350,42090,50050,44770,58610,65270,1,1,1,1,1,1,,,,,,
2000,8,2,14X,S,22,58,50,,22560,28950,,30340,45370,,44410,60460,,1,1,5,1,1,5,,,,,,
2000,8,2,14X,S,23,,,,,,,,,,,,,5,5,5,5,5,5,,,,,,
2000,8,2,14X,S,24,167,172,141,32360,42470,52710,43530,66800,72060,68480,90350,94560,1,1,1,1,1,1,,,,,,
2000,8,2,14X,S,25,,,,,,,,,,,,,-1,5,5,-1,5,5,,,,,,
2000,8,2,14X,S,26,69,68,72,18480,26920,28110,27690,42090,41610,45200,68230,67680,1,1,1,1,1,1,,,,,,
2000,8,2,14X,S,27,,,,,,,,,,,,,5,5,5,5,5,5,,,,,,
2000,8,2,14X,S,28,,,,,,,,,,,,,5,5,5,5,5,5,,,,,,
2000,8,2,14X,S,29,114,117,93,27160,41560,41380,40950,58190,64940,61590,75780,89080,1,1,1,1,1,1,,,,,,
2000,8,2,14X,S,30,,,,,,,,,,,,,5,5,5,5,5,5,,,,,,
2000,8,2,14X,S,31,,,,,,,,,,,,,5,5,5,5,5,5,,,,,,
2000,8,2,14X,S,32,,,,,,,,,,,,,5,5,5,5,5,5,,,,,,
2000,8,2,14X,S,33,,,,,,,,,,,,,5,5,5,5,5,5,,,,,,
2000,8,2,14X,S,34,50,64,59,18600,33140,40660,25070,49620,51770,47600,68230,80810,1,1,1,1,1,1,,,,,,
2000,8,2,14X,S,35,,,,,,,,,,,,,5,5,5,5,5,5,,,,,,
2000,8,2,14X,S,36,129,170,133,20870,27140,35830,30940,44520,56480,44310,64210,79990,1,1,1,1,1,1,,,,,,
2000,8,2,14X,S,37,190,221,190,23800,29610,35060,37640,43410,48120,49570,56560,68040,1,1,1,1,1,1,,,,,,
2000,8,2,14X,S,38,,,,,,,,,,,,,5,5,5,5,5,5,,,,,,
2000,8,2,14X,S,39,82,93,85,18950,28190,33750,28830,40900,50870,40450,54780,71590,1,1,1,1,1,1,,,,,,
2000,8,2,14X,S,40,70,80,72,23530,26440,30900,30450,38380,45770,40820,54620,69870,1,1,1,1,1,1,,,,,,
2000,8,2,14X,S,41,,,,,,,,,,,,,5,5,5,5,5,5,,,,,,
2000,8,2,14X,S,42,113,132,107,21330,28870,38720,36010,42860,56230,51170,60860,73070,1,1,1,1,1,1,,,,,,
2000,8,2,14X,S,44,,,,,,,,,,,,,5,5,5,5,5,5,,,,,,
2000,8,2,14X,S,45,72,93,96,22410,27860,31120,29110,37480,46750,42370,53370,60460,1,1,1,1,1,1,,,,,,
2000,8,2,14X,S,46,,,,,,,,,,,,,5,5,5,5,5,5,,,,,,
2000,8,2,14X,S,47,102,105,74,22710,26190,34000,33830,37730,46060,49990,54490,64940,1,1,1,1,1,1,,,,,,
2000,8,2,14X,S,48,439,515,473,22740,29070,38870,31860,43330,55740,46440,62200,78690,1,1,1,1,1,1,,,,,,
2000,8,2,14X,S,49,,,,,,,,,,,,,5,5,5,5,5,5,,,,,,
2000,8,2,14X,S,50,,,,,,,,,,,,,5,5,5,5,5,5,,,,,,
2000,8,2,14X,S,51,433,451,322,34740,44350,48270,54030,70060,82440,83360,104400,113900,1,1,1,1,1,1,,,,,,
2000,8,2,14X,S,53,120,140,131,24160,34670,35030,37610,51010,55370,54120,69320,79590,1,1,1,1,1,1,,,,,,
2000,8,2,14X,S,54,,,,,,,,,,,,,5,5,5,5,5,5,,,,,,
2000,8,2,14X,S,55,,,,,,,,,,,,,5,5,5,5,5,5,,,,,,
2000,8,2,14X,S,56,,,,,,,,,,,,,5,5,5,5,5,5,,,,,,
2000,8,2,15X,S,01,762,917,749,24560,32960,38890,35770,47320,55970,51280,69360,79270,1,1,1,1,1,1,,,,,,
2000,8,2,15X,S,02,215,194,130,30310,38610,40900,42090,55310,62160,55840,71320,83700,1,1,1,1,1,1,,,,,,
2000,8,2,15X,S,04,480,648,501,25210,34460,36950,36200,48120,52380,50160,69400,79330,1,1,1,1,1,1,,,,,,
2000,8,2,15X,S,05,127,187,146,20320,25060,29320,28880,38510,41140,48490,54250,54490,1,1,1,1,1,1,,,,,,
2000,8,2,15X,S,06,1438,1624,1290,22010,32260,37560,32840,45990,55680,47420,65550,78840,1,1,1,1,1,1,,,,,,
2000,8,2,15X,S,08,706,667,476,26530,37480,38140,37810,51730,54530,53570,73400,80860,1,1,1,1,1,1,,,,,,
2000,8,2,15X,S,09,84,112,84,20570,25590,37480,32460,42300,55120,46060,63290,80550,1,1,1,1,1,1,,,,,,
2000,8,2,15X,S,10,53,55,61,23310,29640,33350,30200,43530,46060,50740,56520,68230,1,1,1,1,1,1,,,,,,
2000,8,2,15X,S,11,244,497,456,44620,55700,70110,61940,76320,95330,78450,102000,116100,1,1,1,1,1,1,,,,,,
2000,8,2,15X,S,12,2074,2308,1777,22420,29710,32650,31850,40790,46670,42970,56660,67110,1,1,1,1,1,1,,,,,,
2000,8,2,15X,S,13,2393,2579,1916,24900,32980,35760,35530,45490,49690,49500,61680,67970,1,1,1,1,1,1,,,,,,
2000,8,2,15X,S,15,213,195,142,27140,39600,41380,40360,54220,56990,69190,75360,81730,1,1,1,1,1,1,,,,,,
2000,8,2,15X,S,16,60,66,54,23400,28110,28110,30620,36940,41140,42090,45550,54120,1,1,1,1,1,1,,,,,,
2000,8,2,15X,S,17,503,609,444,24060,32420,40180,35880,48250,57260,53590,70970,81480,1,1,1,1,1,1,,,,,,
2000,8,2,15X,S,18,397,447,332,26590,30830,37540,38380,47000,54680,56320,67960,78930,1,1,1,1,1,1,,,,,,
2000,8,2,15X,S,19,119,155,119,22020,28950,29700,31760,42600,49520,43740,57310,64940,1,1,1,1,1,1,,,,,,
2000,8,2,15X,S,20,369,347,264,27140,31980,35720,37400,43390,52240,50090,61040,70920,1,1,1,1,1,1,,,,,,
2000,8,2,15X,S,21,742,815,565,28440,37000,41040,40000,50480,55970,53710,64700,74120,1,1,1,1,1,1,,,,,,
2000,8,2,15X,S,22,416,484,348,20280,27400,32070,30120,40560,44790,43370,56480,63070,1,1,1,1,1,1,,,,,,
2000,8,2,15X,S,23,,58,,,24300,,,36580,,,46320,,5,1,5,5,1,5,,,,,,
2000,8,2,15X,S,24,951,1083,854,29830,43720,52750,45940,64670,75950,68490,95380,104700,1,1,1,1,1,1,,,,,,
2000,8,2,15X,S,25,,73,135,,35290,37570,,49690,57930,,69600,85310,-1,1,1,-1,1,1,,,,,,
2000,8,2,15X,S,26,344,392,342,23390,28810,36670,35020,46380,51580,52430,69350,80200,1,1,1,1,1,1,,,,,,
2000,8,2,15X,S,27,140,140,110,23360,35110,39980,34170,45590,51490,47170,60770,67310,1,1,1,1,1,1,,,,,,
2000,8,2,15X,S,28,121,205,159,21490,25780,26390,32130,36940,41670,45200,50060,59440,1,1,1,1,1,1,,,,,,
2000,8,2,15X,S,29,471,479,377,23580,30550,35340,34200,42670,47630,50500,60750,67700,1,1,1,1,1,1,,,,,,
2000,8,2,15X,S,30,,,,,,,,,,,,,5,5,5,5,5,5,,,,,,
2000,8,2,15X,S,31,69,74,59,20530,25710,28710,28110,35890,39880,36440,51040,54490,1,1,1,1,1,1,,,,,,
2000,8,2,15X,S,32,206,237,177,23310,27670,27940,32720,40290,43290,48790,59390,67730,1,1,1,1,1,1,,,,,,
2000,8,2,15X,S,33,,53,,,35070,,,43760,,,55530,,5,1,5,5,1,5,,,,,,
2000,8,2,15X,S,34,369,427,282,23190,32420,39160,35790,50430,55120,52530,70210,79890,1,1,1,1,1,1,,,,,,
2000,8,2,15X,S,35,139,166,129,21720,30200,36650,31320,44490,47600,48300,59040,63130,1,1,1,1,1,1,,,,,,
2000,8,2,15X,S,36,768,937,791,21450,30820,36920,31620,46880,52180,45010,64550,80800,1,1,1,1,1,1,,,,,,
2000,8,2,15X,S,37,1734,1838,1345,25110,33350,36010,36270,45020,48320,49850,62130,67740,1,1,1,1,1,1,,,,,,
2000,8,2,15X,S,38,,,,,,,,,,,,,5,5,5,5,5,5,,,,,,
2000,8,2,15X,S,39,507,582,446,21830,27460,31690,31820,40280,46420,44030,55120,62250,1,1,1,1,1,1,,,,,,
2000,8,2,15X,S,40,434,471,346,22630,28250,34130,31170,40050,45330,40850,53870,62500,1,1,1,1,1,1,,,,,,
2000,8,2,15X,S,41,143,166,151,21450,27420,29700,31150,39200,46970,44470,52830,70120,1,1,1,1,1,1,,,,,,
2000,8,2,15X,S,42,483,637,520,22920,28280,32880,34270,43010,50180,47660,60500,69070,1,1,1,1,1,1,,,,,,
2000,8,2,15X,S,44,,,,,,,,,,,,,5,5,5,5,5,5,,,,,,
2000,8,2,15X,S,45,848,950,722,23300,29750,34050,32310,42120,46510,44230,59690,66020,1,1,1,1,1,1,,,,,,
2000,8,2,15X,S,46,,,,,,,,,,,,,5,5,5,5,5,5,,,,,,
2000,8,2,15X,S,47,738,724,528,22880,31070,32810,33630,42160,46610,45280,57880,63660,1,1,1,1,1,1,,,,,,
2000,8,2,15X,S,48,3944,4219,3337,24050,32990,38440,34790,46450,53180,49990,65410,74000,1,1,1,1,1,1,,,,,,
2000,8,2,15X,S,49,88,97,69,19090,35230,30620,30340,46970,44880,40180,62130,67130,1,1,1,1,1,1,,,,,,
2000,8,2,15X,S,50,,,,,,,,,,,,,5,5,5,5,5,5,,,,,,
2000,8,2,15X,S,51,2895,2968,2109,35370,46370,50120,56340,71440,77770,84810,105100,110800,1,1,1,1,1,1,,,,,,
2000,8,2,15X,S,53,858,843,603,26210,36320,39040,38000,50420,54670,51080,66550,74980,1,1,1,1,1,1,,,,,,
2000,8,2,15X,S,54,64,91,98,18660,25830,29500,29780,40820,47600,39670,64110,78290,1,1,1,1,1,1,,,,,,
2000,8,2,15X,S,55,207,223,162,22710,28890,35340,32580,40480,47250,45140,54370,67820,1,1,1,1,1,1,,,,,,
2000,8,2,15X,S,56,,,,,,,,,,,,,5,5,5,5,5,5,,,,,,
2000,8,2,16X,S,01,836,1032,729,27370,36900,41780,43910,57960,63230,62800,79300,84980,1,1,1,1,1,1,,,,,,
2000,8,2,16X,S,02,214,215,147,26350,37110,42970,39460,52000,64260,60790,71920,84730,1,1,1,1,1,1,,,,,,
2000,8,2,16X,S,04,536,844,602,24160,31110,39540,35770,47270,55950,50580,63050,72080,1,1,1,1,1,1,,,,,,
2000,8,2,16X,S,05,182,293,257,19740,23790,28720,27550,35760,41830,37830,48530,57920,1,1,1,1,1,1,,,,,,
2000,8,2,16X,S,06,1888,1993,1594,23020,33450,40310,33700,50190,59110,49700,68170,81980,1,1,1,1,1,1,,,,,,
2000,8,2,16X,S,08,1063,912,683,25940,33140,39140,36890,47180,53310,48740,65130,76610,1,1,1,1,1,1,,,,,,
2000,8,2,16X,S,09,151,170,129,24530,33850,44650,37980,49080,61520,52340,66580,86440,1,1,1,1,1,1,,,,,,
2000,8,2,16X,S,10,65,82,66,24610,30620,33570,35290,46350,49620,43870,59640,71840,1,1,1,1,1,1,,,,,,
2000,8,2,16X,S,11,84,158,161,42090,50370,54940,53620,69870,74930,70860,91060,103800,1,1,1,1,1,1,,,,,,
2000,8,2,16X,S,12,1697,1857,1518,21740,29790,33900,31500,41370,47410,42500,57530,65870,1,1,1,1,1,1,,,,,,
2000,8,2,16X,S,13,2058,1980,1446,26430,33050,36170,37260,46030,49350,51390,62900,66240,1,1,1,1,1,1,,,,,,
2000,8,2,16X,S,15,192,179,139,27050,32630,37030,42470,50870,50870,58830,68380,74460,1,1,1,1,1,1,,,,,,
2000,8,2,16X,S,16,130,151,124,19710,24300,30170,28220,36290,47430,36880,50670,61020,1,1,1,1,1,1,,,,,,
2000,8,2,16X,S,17,737,858,705,21140,30540,36870,30470,44430,51540,45620,60290,72510,1,1,1,1,1,1,,,,,,
2000,8,2,16X,S,18,447,447,375,23660,29060,31660,34210,39470,45480,45750,54490,62210,1,1,1,1,1,1,,,,,,
2000,8,2,16X,S,19,237,263,232,23190,30550,34200,33060,40400,45960,42620,50910,59270,1,1,1,1,1,1,,,,,,
2000,8,2,16X,S,20,522,458,336,24730,32400,34080,35390,44810,47830,47200,58110,66310,1,1,1,1,1,1,,,,,,
2000,8,2,16X,S,21,976,938,692,31460,38200,38240,45260,52670,52550,60910,67620,67380,1,1,1,1,1,1,,,,,,
2000,8,2,16X,S,22,493,513,416,24000,30170,35720,35510,46230,53480,50110,62600,73560,1,1,1,1,1,1,,,,,,
2000,8,2,16X,S,23,144,155,124,23920,28050,33760,29630,36010,45830,36580,47640,59510,1,1,1,1,1,1,,,,,,
2000,8,2,16X,S,24,912,875,682,30210,41370,46720,45160,59760,68040,61270,79220,89880,1,1,1,1,1,1,,,,,,
2000,8,2,16X,S,25,,75,205,,34490,40720,,54120,57150,,68430,79820,-1,1,1,-1,1,1,,,,,,
2000,8,2,16X,S,26,576,652,548,21510,29030,34150,30900,43470,49500,44830,61240,73910,1,1,1,1,1,1,,,,,,
2000,8,2,16X,S,27,242,281,236,23310,28820,34990,33010,40710,50260,46060,55350,66440,1,1,1,1,1,1,,,,,,
2000,8,2,16X,S,28,88,237,173,22100,28850,31360,30450,40980,46520,41460,59540,64570,1,1,1,1,1,1,,,,,,
2000,8,2,16X,S,29,608,640,509,22580,26990,30890,31090,38890,43270,43460,52780,59460,1,1,1,1,1,1,,,,,,
2000,8,2,16X,S,30,127,140,120,18400,25200,32020,25540,34210,41880,35830,47090,58560,1,1,1,1,1,1,,,,,,
2000,8,2,16X,S,31,186,174,132,22650,28530,29220,31120,37720,40530,43370,49960,54930,1,1,1,1,1,1,,,,,,
2000,8,2,16X,S,32,288,295,224,23640,33090,34000,31040,46570,51650,44380,65460,69300,1,1,1,1,1,1,,,,,,
2000,8,2,16X,S,33,66,99,88,22410,30200,40180,31740,42670,54840,37930,58510,67990,1,1,1,1,1,1,,,,,,
2000,8,2,16X,S,34,353,372,292,23160,34510,38900,33870,49670,58810,53340,65290,77480,1,1,1,1,1,1,,,,,,
2000,8,2,16X,S,35,223,241,190,23410,31160,35620,33920,44110,50520,48750,57570,69420,1,1,1,1,1,1,,,,,,
2000,8,2,16X,S,36,925,1049,830,21470,30300,38010,31720,45510,54930,47090,63890,78330,1,1,1,1,1,1,,,,,,
2000,8,2,16X,S,37,1410,1371,1050,26170,31920,34750,37890,46180,47420,52020,62540,65070,1,1,1,1,1,1,,,,,,
2000,8,2,16X,S,38,67,91,95,19230,31840,41930,25490,43680,58560,35830,60930,95460,1,1,1,1,1,1,,,,,,
2000,8,2,16X,S,39,764,723,656,20720,27560,33650,30970,40290,47130,42970,53890,63400,1,1,1,1,1,1,,,,,,
2000,8,2,16X,S,40,509,558,437,21340,28740,34240,29050,39810,47370,40960,53710,63250,1,1,1,1,1,1,,,,,,
2000,8,2,16X,S,41,299,319,279,22890,27800,32810,32190,41220,47600,42590,56080,67920,1,1,1,1,1,1,,,,,,
2000,8,2,16X,S,42,782,945,813,22030,31030,36600,31850,45240,51840,46270,58380,69580,1,1,1,1,1,1,,,,,,
2000,8,2,16X,S,44,,,,,,,,,,,,,5,5,5,5,5,5,,,,,,
2000,8,2,16X,S,45,599,641,489,25330,29620,33040,35120,42390,46130,46740,56860,58140,1,1,1,1,1,1,,,,,,
2000,8,2,16X,S,46,91,99,74,21600,25210,29590,27200,32950,40180,36730,42670,51010,1,1,1,1,1,1,,,,,,
2000,8,2,16X,S,47,948,846,607,24780,31840,33430,35790,46630,48840,48780,62400,65310,1,1,1,1,1,1,,,,,,
2000,8,2,16X,S,48,4792,4802,3784,26480,36080,39680,39400,50740,56210,55800,69710,77490,1,1,1,1,1,1,,,,,,
2000,8,2,16X,S,49,179,182,157,24790,31250,36670,34060,46650,52870,48220,61270,73610,1,1,1,1,1,1,,,,,,
2000,8,2,16X,S,50,,,,,,,,,,,,,5,5,5,5,5,5,,,,,,
2000,8,2,16X,S,51,1265,1490,1175,27770,38630,42260,41610,55660,62110,57610,81520,88010,1,1,1,1,1,1,,,,,,
2000,8,2,16X,S,53,1125,1104,893,26670,36830,40840,40300,54390,59550,57200,70610,77170,1,1,1,1,1,1,,,,,,
2000,8,2,16X,S,54,163,191,155,21220,27090,33540,28560,41330,45890,40860,57370,66990,1,1,1,1,1,1,,,,,,
2000,8,2,16X,S,55,395,433,340,22510,28540,33630,32210,41260,47840,43890,54400,59980,1,1,1,1,1,1,,,,,,
2000,8,2,16X,S,56,129,121,109,28050,36680,41380,41520,51770,56060,58010,74900,79820,1,1,1,1,1,1,,,,,,
2000,8,2,17X,S,01,181,198,151,21390,28630,34190,29700,41460,45790,42400,55870,64040,1,1,1,1,1,1,,,,,,
2000,8,2,17X,S,02,97,79,61,24950,40000,45720,44350,56120,65760,58230,76490,95690,1,1,1,1,1,1,,,,,,
2000,8,2,17X,S,04,153,195,173,24300,27720,34430,32640,40710,52740,46210,56890,71320,1,1,1,1,1,1,,,,,,
2000,8,2,17X,S,05,69,83,66,22560,31370,31740,32300,38780,44000,39730,50850,62820,1,1,1,1,1,1,,,,,,
2000,8,2,17X,S,06,570,633,541,21610,31890,39250,31090,48850,56990,45350,68870,86080,1,1,1,1,1,1,,,,,,
2000,8,2,17X,S,08,286,292,233,24730,33740,40770,35250,44980,51790,46060,57930,69790,1,1,1,1,1,1,,,,,,
2000,8,2,17X,S,09,,,,,,,,,,,,,5,5,5,5,5,5,,,,,,
2000,8,2,17X,S,10,,,,,,,,,,,,,5,5,5,5,5,5,,,,,,
2000,8,2,17X,S,11,93,119,82,39280,54960,56790,49690,70170,81020,64000,87150,100100,1,1,1,1,1,1,,,,,,
2000,8,2,17X,S,12,542,611,515,21150,27750,33450,30150,40290,45910,40600,52450,66100,1,1,1,1,1,1,,,,,,
2000,8,2,17X,S,13,644,691,541,24030,31150,34330,33580,42230,44480,43420,54940,58940,1,1,1,1,1,1,,,,,,
2000,8,2,17X,S,15,103,82,58,22450,37180,39730,34370,50120,59510,46190,64700,78450,1,1,1,1,1,1,,,,,,
2000,8,2,17X,S,16,,,,,,,,,,,,,5,5,5,5,5,5,,,,,,
2000,8,2,17X,S,17,209,264,207,22190,29080,36750,31360,42000,54020,47720,56750,74120,1,1,1,1,1,1,,,,,,
2000,8,2,17X,S,18,124,151,115,20390,30140,36440,29410,46060,47180,40950,60930,68430,1,1,1,1,1,1,,,,,,
2000,8,2,17X,S,19,79,75,61,21100,27280,35290,28110,37260,45470,39640,51770,56580,1,1,1,1,1,1,,,,,,
2000,8,2,17X,S,20,127,125,97,21130,30620,32880,29640,43180,47860,41140,53870,63010,1,1,1,1,1,1,,,,,,
2000,8,2,17X,S,21,149,173,150,20170,31650,33330,29910,42870,45850,40100,53160,60460,1,1,1,1,1,1,,,,,,
2000,8,2,17X,S,22,126,157,145,21180,25430,33220,31180,37730,47600,42090,59270,67930,1,1,1,1,1,1,,,,,,
2000,8,2,17X,S,23,,,,,,,,,,,,,5,5,5,5,5,5,,,,,,
2000,8,2,17X,S,24,298,260,205,24960,37410,42610,40180,52620,62050,56820,67400,85970,1,1,1,1,1,1,,,,,,
2000,8,2,17X,S,25,,50,78,,31880,39580,,51490,58750,,72820,91460,-1,1,1,-1,1,1,,,,,,
2000,8,2,17X,S,26,142,141,137,20900,29470,36150,30060,43220,48290,40920,61240,62650,1,1,1,1,1,1,,,,,,
2000,8,2,17X,S,27,68,76,73,23020,31120,37330,33140,41610,49990,42090,53450,64730,1,1,1,1,1,1,,,,,,
2000,8,2,17X,S,28,,59,,,27170,,,39280,,,50650,,5,1,5,5,1,5,,,,,,
2000,8,2,17X,S,29,262,271,207,24080,30400,35940,34280,45130,51940,47680,62320,65830,1,1,1,1,1,1,,,,,,
2000,8,2,17X,S,30,,,,,,,,,,,,,5,5,5,5,5,5,,,,,,
2000,8,2,17X,S,31,50,50,,21710,31040,,27550,38020,,35350,52170,,1,1,5,1,1,5,,,,,,
2000,8,2,17X,S,32,109,127,102,26530,34310,36290,36810,48730,52050,51350,67130,74790,1,1,1,1,1,1,,,,,,
2000,8,2,17X,S,33,,,,,,,,,,,,,5,5,5,5,5,5,,,,,,
2000,8,2,17X,S,34,82,105,89,19950,30060,31960,30740,45240,58330,40660,57520,82450,1,1,1,1,1,1,,,,,,
2000,8,2,17X,S,35,85,80,70,18130,28440,41330,27900,42570,54620,43840,61020,67900,1,1,1,1,1,1,,,,,,
2000,8,2,17X,S,36,290,338,286,20800,29550,38860,31040,44590,54520,45800,63450,78020,1,1,1,1,1,1,,,,,,
2000,8,2,17X,S,37,456,473,405,24130,32050,35420,33760,44380,46880,46260,58690,62510,1,1,1,1,1,1,,,,,,
2000,8,2,17X,S,38,,,,,,,,,,,,,5,5,5,5,5,5,,,,,,
2000,8,2,17X,S,39,255,278,228,18500,28430,33140,27900,39460,46570,39660,51810,63590,1,1,1,1,1,1,,,,,,
2000,8,2,17X,S,40,139,157,122,21740,25840,36840,30540,39800,48460,39910,52910,63010,1,1,1,1,1,1,,,,,,
2000,8,2,17X,S,41,82,102,80,22100,30120,40820,30740,41610,54280,40900,57200,72500,1,1,1,1,1,1,,,,,,
2000,8,2,17X,S,42,226,267,248,20930,27760,32180,30620,42350,48340,42460,57350,64230,1,1,1,1,1,1,,,,,,
2000,8,2,17X,S,44,,,,,,,,,,,,,5,5,5,5,5,5,,,,,,
2000,8,2,17X,S,45,165,182,147,23390,27850,33370,31550,38980,44560,42030,50240,59750,1,1,1,1,1,1,,,,,,
2000,8,2,17X,S,46,,,,,,,,,,,,,5,5,5,5,5,5,,,,,,
2000,8,2,17X,S,47,262,258,172,24140,28250,33140,33140,39870,46600,44790,53190,60710,1,1,1,1,1,1,,,,,,
2000,8,2,17X,S,48,1365,1504,1256,24990,34330,40130,36370,47240,54220,50650,65740,75400,1,1,1,1,1,1,,,,,,
2000,8,2,17X,S,49,63,60,56,21840,34860,31700,34370,48120,46060,48340,61870,57620,1,1,1,1,1,1,,,,,,
2000,8,2,17X,S,50,,,,,,,,,,,,,5,5,5,5,5,5,,,,,,
2000,8,2,17X,S,51,386,424,369,24220,36580,42630,36350,51570,61300,55120,74110,87460,1,1,1,1,1,1,,,,,,
2000,8,2,17X,S,53,446,413,343,26630,38930,45390,37570,52880,60460,51670,66540,79450,1,1,1,1,1,1,,,,,,
2000,8,2,17X,S,54,,69,54,,28250,29220,,37660,45370,,53550,62080,5,1,1,5,1,1,,,,,,
2000,8,2,17X,S,55,110,132,106,18900,27400,32420,28780,38180,43310,38050,48760,61520,1,1,1,1,1,1,,,,,,
2000,8,2,17X,S,56,,,,,,,,,,,,,5,5,5,5,5,5,,,,,,
2000,8,2,18X,S,01,489,543,422,21760,27960,32160,31180,39250,45620,41470,53100,62180,1,1,1,1,1,1,,,,,,
2000,8,2,18X,S,02,158,152,117,27280,37140,46320,38800,48120,65210,53030,69050,82090,1,1,1,1,1,1,,,,,,
2000,8,2,18X,S,04,333,486,394,21330,32110,34400,32400,46060,49980,47040,61040,73320,1,1,1,1,1,1,,,,,,
2000,8,2,18X,S,05,156,233,173,19010,22620,26190,26440,32580,40300,36980,44210,55600,1,1,1,1,1,1,,,,,,
2000,8,2,18X,S,06,1221,1335,1002,21640,30920,37260,31500,48480,56540,46910,68730,84040,1,1,1,1,1,1,,,,,,
2000,8,2,18X,S,08,656,628,452,24510,31990,36440,35190,44770,51650,45350,57750,69680,1,1,1,1,1,1,,,,,,
2000,8,2,18X,S,09,114,126,100,22450,31460,36580,31000,45370,54760,46060,65270,75500,1,1,1,1,1,1,,,,,,
2000,8,2,18X,S,10,56,,,24730,,,31880,,,40180,,,1,5,5,1,5,5,,,,,,
2000,8,2,18X,S,11,142,257,248,41550,55190,61270,56250,70120,82210,75880,94780,107800,1,1,1,1,1,1,,,,,,
2000,8,2,18X,S,12,1451,1623,1263,20970,27470,31420,29500,39080,43620,40770,52730,60370,1,1,1,1,1,1,,,,,,
2000,8,2,18X,S,13,1615,1610,1215,23490,28150,31130,33170,39530,43910,43480,52120,58780,1,1,1,1,1,1,,,,,,
2000,8,2,18X,S,15,113,98,69,21870,32420,40370,31460,43580,61310,46630,66030,81120,1,1,1,1,1,1,,,,,,
2000,8,2,18X,S,16,95,89,75,18290,25160,26320,26200,35620,38380,36810,44900,60810,1,1,1,1,1,1,,,,,,
2000,8,2,18X,S,17,508,623,494,20740,27150,35000,30270,41560,52940,43350,58650,73210,1,1,1,1,1,1,,,,,,
2000,8,2,18X,S,18,327,361,269,22550,26110,27850,31860,38610,40360,42160,51460,55390,1,1,1,1,1,1,,,,,,
2000,8,2,18X,S,19,141,177,136,20940,25160,31850,28780,39280,45500,39560,51350,56950,1,1,1,1,1,1,,,,,,
2000,8,2,18X,S,20,441,391,273,22960,30250,34760,33010,42170,47090,43960,54780,59040,1,1,1,1,1,1,,,,,,
2000,8,2,18X,S,21,483,505,386,22500,29710,33350,32340,40840,46350,43240,53810,59420,1,1,1,1,1,1,,,,,,
2000,8,2,18X,S,22,443,426,339,19630,27390,31720,27690,40480,45240,38460,53680,61870,1,1,1,1,1,1,,,,,,
2000,8,2,18X,S,23,68,81,57,20260,22710,30200,27930,32130,41610,36150,45030,55850,1,1,1,1,1,1,,,,,,
2000,8,2,18X,S,24,533,542,425,26180,36940,43720,38160,54640,62020,51130,72710,85430,1,1,1,1,1,1,,,,,,
2000,8,2,18X,S,25,,76,139,,34510,40000,,51120,59600,,75120,82960,-1,1,1,-1,1,1,,,,,,
2000,8,2,18X,S,26,375,415,369,21340,26150,30840,28900,40310,45800,41020,55720,67530,1,1,1,1,1,1,,,,,,
2000,8,2,18X,S,27,162,198,138,21490,27200,30620,30790,37970,45030,40080,55120,57390,1,1,1,1,1,1,,,,,,
2000,8,2,18X,S,28,110,193,156,16620,22290,25020,26440,33040,36580,37710,47090,50220,1,1,1,1,1,1,,,,,,
2000,8,2,18X,S,29,580,587,408,22840,30080,31070,32160,41800,47090,46750,59080,65800,1,1,1,1,1,1,,,,,,
2000,8,2,18X,S,30,77,90,69,20980,26010,25590,28390,38120,40560,39060,49800,60740,1,1,1,1,1,1,,,,,,
2000,8,2,18X,S,31,110,97,81,22760,26610,31820,29780,37550,42940,40500,47380,56730,1,1,1,1,1,1,,,,,,
2000,8,2,18X,S,32,236,241,190,24020,33590,34230,34720,46060,51670,50120,71980,81760,1,1,1,1,1,1,,,,,,
2000,8,2,18X,S,33,,68,57,,28670,34430,,41460,51870,,56190,65590,5,1,1,5,1,1,,,,,,
2000,8,2,18X,S,34,330,347,255,21260,31020,35040,32410,48200,54750,45470,66640,76460,1,1,1,1,1,1,,,,,,
2000,8,2,18X,S,35,134,153,141,21920,27790,29050,33340,40590,48600,42090,57140,69760,1,1,1,1,1,1,,,,,,
2000,8,2,18X,S,36,677,765,599,21020,30890,35920,31010,44690,53660,43980,64060,82730,1,1,1,1,1,1,,,,,,
2000,8,2,18X,S,37,1102,1162,884,21490,28110,31050,31320,38980,42440,41620,50090,55620,1,1,1,1,1,1,,,,,,
2000,8,2,18X,S,38,,52,56,,29780,34510,,38980,51490,,63290,85110,5,1,1,5,1,1,,,,,,
2000,8,2,18X,S,39,574,607,484,20260,25250,30980,29700,36550,43930,39820,50620,59750,1,1,1,1,1,1,,,,,,
2000,8,2,18X,S,40,345,399,302,20580,25820,31810,27990,36190,42800,36900,48160,59120,1,1,1,1,1,1,,,,,,
2000,8,2,18X,S,41,181,191,149,20210,28360,32160,29500,41260,48280,42410,54810,66820,1,1,1,1,1,1,,,,,,
2000,8,2,18X,S,42,595,722,611,22080,29410,34470,31050,42090,49060,42510,54200,66330,1,1,1,1,1,1,,,,,,
2000,8,2,18X,S,44,,,,,,,,,,,,,5,5,5,5,5,5,,,,,,
2000,8,2,18X,S,45,505,508,415,21930,28230,29870,30970,39810,41840,41220,51770,55930,1,1,1,1,1,1,,,,,,
2000,8,2,18X,S,46,,58,,,24050,,,33140,,,46060,,5,1,5,5,1,5,,,,,,
2000,8,2,18X,S,47,682,652,484,20730,26290,29780,29550,38570,42190,40230,52620,57500,1,1,1,1,1,1,,,,,,
2000,8,2,18X,S,48,2843,3043,2445,22590,31120,36120,32930,44160,50520,44400,59590,70110,1,1,1,1,1,1,,,,,,
2000,8,2,18X,S,49,74,90,61,19600,28280,33570,28530,39100,49240,40820,53690,73150,1,1,1,1,1,1,,,,,,
2000,8,2,18X,S,50,,,,,,,,,,,,,5,5,5,5,5,5,,,,,,
2000,8,2,18X,S,51,1824,1932,1389,26560,35750,39690,40090,51190,56440,56120,73950,84460,1,1,1,1,1,1,,,,,,
2000,8,2,18X,S,53,834,791,604,23730,33850,37730,35140,47850,55160,47610,62400,76490,1,1,1,1,1,1,,,,,,
2000,8,2,18X,S,54,125,149,145,20910,24410,30860,28610,37180,46830,43870,53940,61750,1,1,1,1,1,1,,,,,,
2000,8,2,18X,S,55,229,242,206,21840,29220,31910,30120,40180,44520,43220,52730,57500,1,1,1,1,1,1,,,,,,
2000,8,2,18X,S,56,53,56,,22560,32020,,39580,48120,,50090,84290,,1,1,5,1,1,5,,,,,,
2008,8,2,10X,S,01,580,293,,22400,28150,,33140,39040,,50640,61870,,1,1,-1,1,1,-1,,,,,,
2008,8,2,10X,S,02,483,185,,28240,39190,,40680,54080,,58520,74230,,1,1,-1,1,1,-1,,,,,,
2008,8,2,10X,S,04,914,487,,20680,26700,,29950,38750,,46240,64620,,1,1,-1,1,1,-1,,,,,,
2008,8,2,10X,S,05,323,161,,19620,24230,,26640,35720,,36950,48450,,1,1,-1,1,1,-1,,,,,,
2008,8,2,10X,S,06,1983,1357,,21060,27160,,30360,39650,,45740,60430,,1,1,-1,1,1,-1,,,,,,
2008,8,2,10X,S,08,1199,601,,20970,28590,,30860,40770,,45250,57130,,1,1,-1,1,1,-1,,,,,,
2008,8,2,10X,S,09,155,89,,22270,30830,,29270,41330,,47320,57480,,1,1,-1,1,1,-1,,,,,,
2008,8,2,10X,S,10,58,,,21490,,,36580,,,79380,,,1,5,-1,1,5,-1,,,,,,
2008,8,2,10X,S,11,98,112,,30340,52620,,51490,67990,,69540,96670,,1,1,-1,1,1,-1,,,,,,
2008,8,2,10X,S,12,1563,813,,19820,24720,,27400,36490,,41100,53070,,1,1,-1,1,1,-1,,,,,,
2008,8,2,10X,S,13,1591,694,,22910,29880,,33360,41850,,46910,56450,,1,1,-1,1,1,-1,,,,,,
2008,8,2,10X,S,15,155,90,,22040,26680,,33020,45770,,54700,61870,,1,1,-1,1,1,-1,,,,,,
2008,8,2,10X,S,16,204,108,,20410,26780,,26900,35960,,33600,47430,,1,1,-1,1,1,-1,,,,,,
2008,8,2,10X,S,17,882,564,,20430,27090,,28440,41060,,40070,60600,,1,1,-1,1,1,-1,,,,,,
2008,8,2,10X,S,18,860,401,,21390,27680,,28990,38120,,39350,52570,,1,1,-1,1,1,-1,,,,,,
2008,8,2,10X,S,19,358,171,,22120,28600,,29780,40850,,38830,53140,,1,1,-1,1,1,-1,,,,,,
2008,8,2,10X,S,20,740,338,,21820,27120,,29470,38890,,40120,50990,,1,1,-1,1,1,-1,,,,,,
2008,8,2,10X,S,21,801,390,,21560,28480,,31320,41680,,44070,56540,,1,1,-1,1,1,-1,,,,,,
2008,8,2,10X,S,22,601,267,,23640,31500,,34130,46430,,50150,61520,,1,1,-1,1,1,-1,,,,,,
2008,8,2,10X,S,23,163,80,,19710,25870,,26900,35550,,38700,44000,,1,1,-1,1,1,-1,,,,,,
2008,8,2,10X,S,24,419,234,,23660,30620,,36790,48120,,65070,76590,,1,1,-1,1,1,-1,,,,,,
2008,8,2,10X,S,25,382,281,,22970,32960,,33490,49420,,48440,69200,,1,1,-1,1,1,-1,,,,,,
2008,8,2,10X,S,26,789,374,,19800,25840,,27790,38380,,38090,55120,,1,1,-1,1,1,-1,,,,,,
2008,8,2,10X,S,27,410,256,,18970,23970,,26370,36310,,37960,53620,,1,1,-1,1,1,-1,,,,,,
2008,8,2,10X,S,28,203,91,,22970,27900,,32840,37980,,44130,52130,,1,1,-1,1,1,-1,,,,,,
2008,8,2,10X,S,29,921,454,,20680,25970,,28270,36050,,40080,53180,,1,1,-1,1,1,-1,,,,,,
2008,8,2,10X,S,30,167,94,,19710,23450,,26350,36150,,35850,52870,,1,1,-1,1,1,-1,,,,,,
2008,8,2,10X,S,31,296,123,,20770,27280,,28050,35610,,38120,45340,,1,1,-1,1,1,-1,,,,,,
2008,8,2,10X,S,32,467,187,,20910,28330,,29470,38660,,41190,54980,,1,1,-1,1,1,-1,,,,,,
2008,8,2,10X,S,33,179,84,,20220,28110,,28530,48120,,41420,62350,,1,1,-1,1,1,-1,,,,,,
2008,8,2,10X,S,34,299,192,,19430,30620,,29010,43490,,47840,66110,,1,1,-1,1,1,-1,,,,,,
2008,8,2,10X,S,35,319,149,,22720,28320,,32670,41670,,49510,73480,,1,1,-1,1,1,-1,,,,,,
2008,8,2,10X,S,36,1017,647,,20830,28290,,30450,43200,,43820,61000,,1,1,-1,1,1,-1,,,,,,
2008,8,2,10X,S,37,1525,721,,24050,31440,,36250,44670,,60950,69020,,1,1,-1,1,1,-1,,,,,,
2008,8,2,10X,S,38,228,123,,26440,36470,,48120,55870,,71300,88020,,1,1,-1,1,1,-1,,,,,,
2008,8,2,10X,S,39,1120,607,,20630,26710,,27870,37880,,37870,52360,,1,1,-1,1,1,-1,,,,,,
2008,8,2,10X,S,40,1143,494,,23340,29690,,32700,43050,,49680,61930,,1,1,-1,1,1,-1,,,,,,
2008,8,2,10X,S,41,330,231,,20300,23430,,28160,33530,,39850,50890,,1,1,-1,1,1,-1,,,,,,
2008,8,2,10X,S,42,847,535,,21730,28900,,31660,40440,,45080,56840,,1,1,-1,1,1,-1,,,,,,
2008,8,2,10X,S,44,53,,,20260,,,28590,,,39060,,,1,5,-1,1,5,-1,,,,,,
2008,8,2,10X,S,45,539,264,,23120,27780,,30890,41060,,41300,54090,,1,1,-1,1,1,-1,,,,,,
2008,8,2,10X,S,46,94,55,,20720,30440,,27930,34860,,35240,47090,,1,1,-1,1,1,-1,,,,,,
2008,8,2,10X,S,47,974,470,,20820,26700,,29030,37750,,41020,53550,,1,1,-1,1,1,-1,,,,,,
2008,8,2,10X,S,48,5445,2581,,23460,31970,,34170,45990,,50490,65930,,1,1,-1,1,1,-1,,,,,,
2008,8,2,10X,S,49,302,142,,22270,28850,,33440,39850,,54370,60930,,1,1,-1,1,1,-1,,,,,,
2008,8,2,10X,S,50,,,,,,,,,,,,,5,5,-1,5,5,-1,,,,,,
2008,8,2,10X,S,51,1726,808,,33360,40920,,63630,72200,,116500,120600,,1,1,-1,1,1,-1,,,,,,
2008,8,2,10X,S,53,1550,694,,22480,31090,,32870,44530,,48000,64820,,1,1,-1,1,1,-1,,,,,,
2008,8,2,10X,S,54,205,94,,20760,26010,,30770,41460,,45030,56120,,1,1,-1,1,1,-1,,,,,,
2008,8,2,10X,S,55,548,347,,19500,27200,,26350,36530,,37370,49430,,1,1,-1,1,1,-1,,,,,,
2008,8,2,10X,S,56,163,80,,26320,29780,,39980,44000,,55640,63290,,1,1,-1,1,1,-1,,,,,,
2008,8,2,11X,S,01,236,109,,28950,45330,,48340,70200,,73150,85880,,1,1,-1,1,1,-1,,,,,,
2008,8,2,11X,S,02,90,,,26860,,,46060,,,65640,,,1,5,-1,1,5,-1,,,,,,
2008,8,2,11X,S,04,298,138,,31880,38830,,54280,66330,,79620,85110,,1,1,-1,1,1,-1,,,,,,
2008,8,2,11X,S,05,69,,,19570,,,30980,,,40030,,,1,5,-1,1,5,-1,,,,,,
2008,8,2,11X,S,06,338,210,,25090,32900,,39280,49720,,59860,74730,,1,1,-1,1,1,-1,,,,,,
2008,8,2,11X,S,08,332,132,,34210,38980,,54080,60460,,84620,83880,,1,1,-1,1,1,-1,,,,,,
2008,8,2,11X,S,09,,,,,,,,,,,,,5,5,-1,5,5,-1,,,,,,
2008,8,2,11X,S,10,,,,,,,,,,,,,5,5,-1,5,5,-1,,,,,,
2008,8,2,11X,S,11,,51,,,56370,,,90000,,,113900,,5,1,-1,5,1,-1,,,,,,
2008,8,2,11X,S,12,390,224,,23610,26700,,36440,40950,,61640,60860,,1,1,-1,1,1,-1,,,,,,
2008,8,2,11X,S,13,628,257,,29660,36990,,49980,54470,,73350,74460,,1,1,-1,1,1,-1,,,,,,
2008,8,2,11X,S,15,65,,,41380,,,61160,,,83390,,,1,5,-1,1,5,-1,,,,,,
2008,8,2,11X,S,16,,,,,,,,,,,,,5,5,-1,5,5,-1,,,,,,
2008,8,2,11X,S,17,132,67,,24000,38160,,37180,53690,,53730,69260,,1,1,-1,1,1,-1,,,,,,
2008,8,2,11X,S,18,98,,,23800,,,33140,,,46830,,,1,5,-1,1,5,-1,,,,,,
2008,8,2,11X,S,19,,,,,,,,,,,,,5,5,-1,5,5,-1,,,,,,
2008,8,2,11X,S,20,107,,,23690,,,40340,,,57820,,,1,5,-1,1,5,-1,,,,,,
2008,8,2,11X,S,21,127,,,25850,,,38610,,,62760,,,1,5,-1,1,5,-1,,,,,,
2008,8,2,11X,S,22,128,58,,30150,28780,,43370,50820,,59890,66990,,1,1,-1,1,1,-1,,,,,,
2008,8,2,11X,S,23,,,,,,,,,,,,,5,5,-1,5,5,-1,,,,,,
2008,8,2,11X,S,24,318,153,,55570,59670,,76470,87860,,103300,113400,,1,1,-1,1,1,-1,,,,,,
2008,8,2,11X,S,25,,,,,,,,,,,,,5,5,-1,5,5,-1,,,,,,
2008,8,2,11X,S,26,103,70,,21600,30620,,29220,44000,,44130,60460,,1,1,-1,1,1,-1,,,,,,
2008,8,2,11X,S,27,,,,,,,,,,,,,5,5,-1,5,5,-1,,,,,,
2008,8,2,11X,S,28,,,,,,,,,,,,,5,5,-1,5,5,-1,,,,,,
2008,8,2,11X,S,29,127,,,21490,,,30850,,,43430,,,1,5,-1,1,5,-1,,,,,,
2008,8,2,11X,S,30,,,,,,,,,,,,,5,5,-1,5,5,-1,,,,,,
2008,8,2,11X,S,31,,,,,,,,,,,,,5,5,-1,5,5,-1,,,,,,
2008,8,2,11X,S,32,66,,,22560,,,38380,,,53870,,,1,5,-1,1,5,-1,,,,,,
2008,8,2,11X,S,33,,,,,,,,,,,,,5,5,-1,5,5,-1,,,,,,
2008,8,2,11X,S,34,54,,,34000,,,60460,,,85920,,,1,5,-1,1,5,-1,,,,,,
2008,8,2,11X,S,35,,,,,,,,,,,,,5,5,-1,5,5,-1,,,,,,
2008,8,2,11X,S,36,178,105,,24210,32160,,38640,48680,,63910,73560,,1,1,-1,1,1,-1,,,,,,
2008,8,2,11X,S,37,398,175,,26380,35970,,41990,52430,,63840,75470,,1,1,-1,1,1,-1,,,,,,
2008,8,2,11X,S,38,,,,,,,,,,,,,5,5,-1,5,5,-1,,,,,,
2008,8,2,11X,S,39,137,85,,18660,30200,,29080,45030,,42000,62110,,1,1,-1,1,1,-1,,,,,,
2008,8,2,11X,S,40,144,73,,23710,28610,,36580,43620,,49920,65880,,1,1,-1,1,1,-1,,,,,,
2008,8,2,11X,S,41,50,,,20440,,,32460,,,53240,,,1,5,-1,1,5,-1,,,,,,
2008,8,2,11X,S,42,164,82,,26010,34570,,39580,50820,,57290,65640,,1,1,-1,1,1,-1,,,,,,
2008,8,2,11X,S,44,,,,,,,,,,,,,5,5,-1,5,5,-1,,,,,,
2008,8,2,11X,S,45,157,69,,24340,27690,,32640,36370,,45290,60930,,1,1,-1,1,1,-1,,,,,,
2008,8,2,11X,S,46,,,,,,,,,,,,,5,5,-1,5,5,-1,,,,,,
2008,8,2,11X,S,47,196,94,,22310,26200,,31590,40180,,46470,58560,,1,1,-1,1,1,-1,,,,,,
2008,8,2,11X,S,48,1180,567,,25910,35340,,39990,53370,,60890,74790,,1,1,-1,1,1,-1,,,,,,
2008,8,2,11X,S,49,,,,,,,,,,,,,5,5,-1,5,5,-1,,,,,,
2008,8,2,11X,S,50,,,,,,,,,,,,,5,5,-1,5,5,-1,,,,,,
2008,8,2,11X,S,51,531,267,,45330,48960,,72140,81370,,107100,110100,,1,1,-1,1,1,-1,,,,,,
2008,8,2,11X,S,53,216,95,,27030,37030,,42730,56550,,64540,82380,,1,1,-1,1,1,-1,,,,,,
2008,8,2,11X,S,54,,,,,,,,,,,,,5,5,-1,5,5,-1,,,,,,
2008,8,2,11X,S,55,66,50,,25590,28110,,32580,39670,,42570,51490,,1,1,-1,1,1,-1,,,,,,
2008,8,2,11X,S,56,,,,,,,,,,,,,5,5,-1,5,5,-1,,,,,,
2008,8,2,12X,S,01,227,108,,22970,26130,,33480,43150,,59670,66280,,1,1,-1,1,1,-1,,,,,,
2008,8,2,12X,S,02,114,,,26650,,,40180,,,58020,,,1,5,-1,1,5,-1,,,,,,
2008,8,2,12X,S,04,778,361,,33340,35030,,61350,58410,,78920,78970,,1,1,-1,1,1,-1,,,,,,
2008,8,2,12X,S,05,124,,,19920,,,27280,,,42370,,,1,5,-1,1,5,-1,,,,,,
2008,8,2,12X,S,06,698,488,,20740,28970,,31730,45000,,53350,67680,,1,1,-1,1,1,-1,,,,,,
2008,8,2,12X,S,08,575,290,,22770,32800,,37400,47200,,61550,70150,,1,1,-1,1,1,-1,,,,,,
2008,8,2,12X,S,09,63,,,23880,,,37350,,,54700,,,1,5,-1,1,5,-1,,,,,,
2008,8,2,12X,S,10,,,,,,,,,,,,,5,5,-1,5,5,-1,,,,,,
2008,8,2,12X,S,11,180,118,,56620,66250,,80050,87560,,98310,106000,,1,1,-1,1,1,-1,,,,,,
2008,8,2,12X,S,12,832,428,,23970,27140,,41220,43580,,80200,76700,,1,1,-1,1,1,-1,,,,,,
2008,8,2,12X,S,13,964,388,,29330,36040,,50120,55250,,73730,80010,,1,1,-1,1,1,-1,,,,,,
2008,8,2,12X,S,15,123,65,,27460,33350,,51370,65760,,86890,87310,,1,1,-1,1,1,-1,,,,,,
2008,8,2,12X,S,16,66,,,23230,,,30150,,,37710,,,1,5,-1,1,5,-1,,,,,,
2008,8,2,12X,S,17,284,187,,20230,30620,,29290,46060,,44640,65320,,1,1,-1,1,1,-1,,,,,,
2008,8,2,12X,S,18,233,148,,21340,28950,,28910,38490,,36560,51230,,1,1,-1,1,1,-1,,,,,,
2008,8,2,12X,S,19,140,79,,20650,26270,,28530,35840,,40180,47730,,1,1,-1,1,1,-1,,,,,,
2008,8,2,12X,S,20,250,103,,24340,28280,,35290,41000,,46680,65240,,1,1,-1,1,1,-1,,,,,,
2008,8,2,12X,S,21,288,135,,24560,31260,,35680,42940,,46910,55430,,1,1,-1,1,1,-1,,,,,,
2008,8,2,12X,S,22,215,90,,24790,28740,,37070,46750,,60030,62890,,1,1,-1,1,1,-1,,,,,,
2008,8,2,12X,S,23,57,,,17360,,,24050,,,34430,,,1,5,-1,1,5,-1,,,,,,
2008,8,2,12X,S,24,764,369,,58600,57380,,88480,94980,,112600,117100,,1,1,-1,1,1,-1,,,,,,
2008,8,2,12X,S,25,120,101,,21180,29990,,32220,53240,,53620,77580,,1,1,-1,1,1,-1,,,,,,
2008,8,2,12X,S,26,225,159,,21330,26380,,28760,39280,,40660,55900,,1,1,-1,1,1,-1,,,,,,
2008,8,2,12X,S,27,128,81,,21410,32300,,28950,43370,,39700,59270,,1,1,-1,1,1,-1,,,,,,
2008,8,2,12X,S,28,59,,,22790,,,34860,,,44260,,,1,5,-1,1,5,-1,,,,,,
2008,8,2,12X,S,29,239,126,,20870,28110,,29860,41270,,43740,57970,,1,1,-1,1,1,-1,,,,,,
2008,8,2,12X,S,30,,,,,,,,,,,,,5,5,-1,5,5,-1,,,,,,
2008,8,2,12X,S,31,111,51,,20850,28950,,28280,42090,,39390,56680,,1,1,-1,1,1,-1,,,,,,
2008,8,2,12X,S,32,165,65,,23790,31040,,32970,42090,,52430,63010,,1,1,-1,1,1,-1,,,,,,
2008,8,2,12X,S,33,,,,,,,,,,,,,5,5,-1,5,5,-1,,,,,,
2008,8,2,12X,S,34,119,78,,24850,29500,,41380,45550,,71510,70860,,1,1,-1,1,1,-1,,,,,,
2008,8,2,12X,S,35,97,53,,25590,33310,,35720,48490,,60100,73320,,1,1,-1,1,1,-1,,,,,,
2008,8,2,12X,S,36,342,234,,22950,32300,,33970,45150,,50990,67360,,1,1,-1,1,1,-1,,,,,,
2008,8,2,12X,S,37,754,349,,26300,33470,,42090,51010,,77620,80780,,1,1,-1,1,1,-1,,,,,,
2008,8,2,12X,S,38,58,,,28320,,,40950,,,59040,,,1,5,-1,1,5,-1,,,,,,
2008,8,2,12X,S,39,385,215,,20240,26860,,30440,39280,,47000,55210,,1,1,-1,1,1,-1,,,,,,
2008,8,2,12X,S,40,346,152,,22650,30200,,33970,44000,,52240,64940,,1,1,-1,1,1,-1,,,,,,
2008,8,2,12X,S,41,163,105,,19840,25020,,28220,38160,,41260,56580,,1,1,-1,1,1,-1,,,,,,
2008,8,2,12X,S,42,309,214,,22230,29020,,31860,43790,,46630,63480,,1,1,-1,1,1,-1,,,,,,
2008,8,2,12X,S,44,,,,,,,,,,,,,5,5,-1,5,5,-1,,,,,,
2008,8,2,12X,S,45,196,106,,23020,30200,,34090,43530,,48620,59040,,1,1,-1,1,1,-1,,,,,,
2008,8,2,12X,S,46,,,,,,,,,,,,,5,5,-1,5,5,-1,,,,,,
2008,8,2,12X,S,47,344,154,,20510,27280,,29780,40950,,44000,55370,,1,1,-1,1,1,-1,,,,,,
2008,8,2,12X,S,48,2155,1076,,24640,32660,,37860,48120,,58930,69430,,1,1,-1,1,1,-1,,,,,,
2008,8,2,12X,S,49,102,53,,22880,26610,,31790,37660,,43180,48960,,1,1,-1,1,1,-1,,,,,,
2008,8,2,12X,S,50,,,,,,,,,,,,,5,5,-1,5,5,-1,,,,,,
2008,8,2,12X,S,51,1899,784,,60530,67430,,88690,94910,,121800,118000,,1,1,-1,1,1,-1,,,,,,
2008,8,2,12X,S,53,542,271,,23630,35580,,36580,53010,,55910,75090,,1,1,-1,1,1,-1,,,,,,
2008,8,2,12X,S,54,65,,,20490,,,30830,,,45800,,,1,5,-1,1,5,-1,,,,,,
2008,8,2,12X,S,55,166,112,,19000,27930,,26590,38380,,33330,51120,,1,1,-1,1,1,-1,,,,,,
2008,8,2,12X,S,56,55,,,34340,,,48870,,,85110,,,1,5,-1,1,5,-1,,,,,,
2008,8,2,13X,S,01,121,63,,20330,35510,,30340,45030,,44390,61160,,1,1,-1,1,1,-1,,,,,,
2008,8,2,13X,S,02,99,,,28420,,,40660,,,51630,,,1,5,-1,1,5,-1,,,,,,
2008,8,2,13X,S,04,183,104,,20800,28110,,29700,40820,,42170,58560,,1,1,-1,1,1,-1,,,,,,
2008,8,2,13X,S,05,,,,,,,,,,,,,5,5,-1,5,5,-1,,,,,,
2008,8,2,13X,S,06,363,308,,21580,31190,,32860,44860,,52660,62720,,1,1,-1,1,1,-1,,,,,,
2008,8,2,13X,S,08,282,145,,27320,31820,,37140,42200,,48720,57540,,1,1,-1,1,1,-1,,,,,,
2008,8,2,13X,S,09,,,,,,,,,,,,,5,5,-1,5,5,-1,,,,,,
2008,8,2,13X,S,10,,,,,,,,,,,,,5,5,-1,5,5,-1,,,,,,
2008,8,2,13X,S,11,120,,,46750,,,59360,,,75380,,,1,5,-1,1,5,-1,,,,,,
2008,8,2,13X,S,12,391,212,,21080,29930,,30050,38810,,40570,49470,,1,1,-1,1,1,-1,,,,,,
2008,8,2,13X,S,13,483,221,,24030,33420,,34720,44470,,46780,57880,,1,1,-1,1,1,-1,,,,,,
2008,8,2,13X,S,15,92,,,27550,,,40180,,,52620,,,1,5,-1,1,5,-1,,,,,,
2008,8,2,13X,S,16,,,,,,,,,,,,,5,5,-1,5,5,-1,,,,,,
2008,8,2,13X,S,17,121,89,,20460,26120,,29450,39880,,43410,58680,,1,1,-1,1,1,-1,,,,,,
2008,8,2,13X,S,18,105,62,,20170,34000,,30200,41710,,43530,51650,,1,1,-1,1,1,-1,,,,,,
2008,8,2,13X,S,19,,,,,,,,,,,,,5,5,-1,5,5,-1,,,,,,
2008,8,2,13X,S,20,127,64,,25050,33140,,36710,45370,,46930,57160,,1,1,-1,1,1,-1,,,,,,
2008,8,2,13X,S,21,197,62,,27350,38080,,39540,45370,,47870,57310,,1,1,-1,1,1,-1,,,,,,
2008,8,2,13X,S,22,101,67,,25800,34000,,36760,45550,,49100,60300,,1,1,-1,1,1,-1,,,,,,
2008,8,2,13X,S,23,,,,,,,,,,,,,5,5,-1,5,5,-1,,,,,,
2008,8,2,13X,S,24,267,153,,34550,47320,,50130,63950,,70390,85350,,1,1,-1,1,1,-1,,,,,,
2008,8,2,13X,S,25,57,52,,22100,31460,,32720,40180,,51210,59040,,1,1,-1,1,1,-1,,,,,,
2008,8,2,13X,S,26,97,63,,19640,27280,,30120,38830,,41140,52800,,1,1,-1,1,1,-1,,,,,,
2008,8,2,13X,S,27,61,,,20990,,,34570,,,52050,,,1,5,-1,1,5,-1,,,,,,
2008,8,2,13X,S,28,,,,,,,,,,,,,5,5,-1,5,5,-1,,,,,,
2008,8,2,13X,S,29,183,84,,22950,30900,,32800,37890,,42810,47530,,1,1,-1,1,1,-1,,,,,,
2008,8,2,13X,S,30,,,,,,,,,,,,,5,5,-1,5,5,-1,,,,,,
2008,8,2,13X,S,31,51,,,23530,,,31180,,,37930,,,1,5,-1,1,5,-1,,,,,,
2008,8,2,13X,S,32,63,,,26940,,,35240,,,50930,,,1,5,-1,1,5,-1,,,,,,
2008,8,2,13X,S,33,,,,,,,,,,,,,5,5,-1,5,5,-1,,,,,,
2008,8,2,13X,S,34,,,,,,,,,,,,,5,5,-1,5,5,-1,,,,,,
2008,8,2,13X,S,35,62,,,22230,,,35430,,,48570,,,1,5,-1,1,5,-1,,,,,,
2008,8,2,13X,S,36,192,126,,22490,31090,,31680,44830,,47430,67400,,1,1,-1,1,1,-1,,,,,,
2008,8,2,13X,S,37,340,190,,24680,31960,,35820,41800,,49080,53870,,1,1,-1,1,1,-1,,,,,,
2008,8,2,13X,S,38,,,,,,,,,,,,,5,5,-1,5,5,-1,,,,,,
2008,8,2,13X,S,39,156,100,,20650,27780,,27710,38980,,36580,51620,,1,1,-1,1,1,-1,,,,,,
2008,8,2,13X,S,40,118,53,,21920,25930,,32020,38610,,45240,52240,,1,1,-1,1,1,-1,,,,,,
2008,8,2,13X,S,41,87,72,,20590,27400,,31460,37100,,40340,63290,,1,1,-1,1,1,-1,,,,,,
2008,8,2,13X,S,42,103,80,,21930,24920,,30940,39580,,48260,57620,,1,1,-1,1,1,-1,,,,,,
2008,8,2,13X,S,44,,,,,,,,,,,,,5,5,-1,5,5,-1,,,,,,
2008,8,2,13X,S,45,161,76,,25130,26440,,35290,39280,,48030,50370,,1,1,-1,1,1,-1,,,,,,
2008,8,2,13X,S,46,,,,,,,,,,,,,5,5,-1,5,5,-1,,,,,,
2008,8,2,13X,S,47,200,104,,22850,27550,,33140,38900,,42240,49920,,1,1,-1,1,1,-1,,,,,,
2008,8,2,13X,S,48,2121,1055,,27620,35770,,39700,48850,,54900,63820,,1,1,-1,1,1,-1,,,,,,
2008,8,2,13X,S,49,64,,,22280,,,30900,,,43050,,,1,5,-1,1,5,-1,,,,,,
2008,8,2,13X,S,50,,,,,,,,,,,,,5,5,-1,5,5,-1,,,,,,
2008,8,2,13X,S,51,311,172,,27810,33630,,44610,52120,,71730,75120,,1,1,-1,1,1,-1,,,,,,
2008,8,2,13X,S,53,413,209,,25440,34570,,38870,47460,,53050,70200,,1,1,-1,1,1,-1,,,,,,
2008,8,2,13X,S,54,,,,,,,,,,,,,5,5,-1,5,5,-1,,,,,,
2008,8,2,13X,S,55,77,,,23160,,,31630,,,40050,,,1,5,-1,1,5,-1,,,,,,
2008,8,2,13X,S,56,,,,,,,,,,,,,5,5,-1,5,5,-1,,,,,,
2008,8,2,14X,S,01,64,,,29110,,,44460,,,69870,,,1,5,-1,1,5,-1,,,,,,
2008,8,2,14X,S,02,,,,,,,,,,,,,5,5,-1,5,5,-1,,,,,,
2008,8,2,14X,S,04,,,,,,,,,,,,,5,5,-1,5,5,-1,,,,,,
2008,8,2,14X,S,05,,,,,,,,,,,,,5,5,-1,5,5,-1,,,,,,
2008,8,2,14X,S,06,83,59,,27750,22250,,41330,43050,,65350,75780,,1,1,-1,1,1,-1,,,,,,
2008,8,2,14X,S,08,73,,,24610,,,35240,,,50740,,,1,5,-1,1,5,-1,,,,,,
2008,8,2,14X,S,09,,,,,,,,,,,,,5,5,-1,5,5,-1,,,,,,
2008,8,2,14X,S,10,,,,,,,,,,,,,5,5,-1,5,5,-1,,,,,,
2008,8,2,14X,S,11,,,,,,,,,,,,,5,5,-1,5,5,-1,,,,,,
2008,8,2,14X,S,12,136,71,,28670,34490,,43460,51490,,74250,68880,,1,1,-1,1,1,-1,,,,,,
2008,8,2,14X,S,13,80,,,24980,,,35720,,,45030,,,1,5,-1,1,5,-1,,,,,,
2008,8,2,14X,S,15,,,,,,,,,,,,,5,5,-1,5,5,-1,,,,,,
2008,8,2,14X,S,16,,,,,,,,,,,,,5,5,-1,5,5,-1,,,,,,
2008,8,2,14X,S,17,,,,,,,,,,,,,5,5,-1,5,5,-1,,,,,,
2008,8,2,14X,S,18,,,,,,,,,,,,,5,5,-1,5,5,-1,,,,,,
2008,8,2,14X,S,19,,,,,,,,,,,,,5,5,-1,5,5,-1,,,,,,
2008,8,2,14X,S,20,,,,,,,,,,,,,5,5,-1,5,5,-1,,,,,,
2008,8,2,14X,S,21,,,,,,,,,,,,,5,5,-1,5,5,-1,,,,,,
2008,8,2,14X,S,22,,,,,,,,,,,,,5,5,-1,5,5,-1,,,,,,
2008,8,2,14X,S,23,,,,,,,,,,,,,5,5,-1,5,5,-1,,,,,,
2008,8,2,14X,S,24,89,,,42570,,,66910,,,91630,,,1,5,-1,1,5,-1,,,,,,
2008,8,2,14X,S,25,,,,,,,,,,,,,5,5,-1,5,5,-1,,,,,,
2008,8,2,14X,S,26,,,,,,,,,,,,,5,5,-1,5,5,-1,,,,,,
2008,8,2,14X,S,27,,,,,,,,,,,,,5,5,-1,5,5,-1,,,,,,
2008,8,2,14X,S,28,,,,,,,,,,,,,5,5,-1,5,5,-1,,,,,,
2008,8,2,14X,S,29,,,,,,,,,,,,,5,5,-1,5,5,-1,,,,,,
2008,8,2,14X,S,30,,,,,,,,,,,,,5,5,-1,5,5,-1,,,,,,
2008,8,2,14X,S,31,,,,,,,,,,,,,5,5,-1,5,5,-1,,,,,,
2008,8,2,14X,S,32,,,,,,,,,,,,,5,5,-1,5,5,-1,,,,,,
2008,8,2,14X,S,33,,,,,,,,,,,,,5,5,-1,5,5,-1,,,,,,
2008,8,2,14X,S,34,,,,,,,,,,,,,5,5,-1,5,5,-1,,,,,,
2008,8,2,14X,S,35,,,,,,,,,,,,,5,5,-1,5,5,-1,,,,,,
2008,8,2,14X,S,36,,,,,,,,,,,,,5,5,-1,5,5,-1,,,,,,
2008,8,2,14X,S,37,94,51,,27490,26010,,37610,47600,,54490,66990,,1,1,-1,1,1,-1,,,,,,
2008,8,2,14X,S,38,,,,,,,,,,,,,5,5,-1,5,5,-1,,,,,,
2008,8,2,14X,S,39,,,,,,,,,,,,,5,5,-1,5,5,-1,,,,,,
2008,8,2,14X,S,40,55,,,22870,,,32300,,,56160,,,1,5,-1,1,5,-1,,,,,,
2008,8,2,14X,S,41,,,,,,,,,,,,,5,5,-1,5,5,-1,,,,,,
2008,8,2,14X,S,42,,,,,,,,,,,,,5,5,-1,5,5,-1,,,,,,
2008,8,2,14X,S,44,,,,,,,,,,,,,5,5,-1,5,5,-1,,,,,,
2008,8,2,14X,S,45,,,,,,,,,,,,,5,5,-1,5,5,-1,,,,,,
2008,8,2,14X,S,46,,,,,,,,,,,,,5,5,-1,5,5,-1,,,,,,
2008,8,2,14X,S,47,,,,,,,,,,,,,5,5,-1,5,5,-1,,,,,,
2008,8,2,14X,S,48,242,138,,24010,37120,,37930,50620,,56450,69400,,1,1,-1,1,1,-1,,,,,,
2008,8,2,14X,S,49,,,,,,,,,,,,,5,5,-1,5,5,-1,,,,,,
2008,8,2,14X,S,50,,,,,,,,,,,,,5,5,-1,5,5,-1,,,,,,
2008,8,2,14X,S,51,313,138,,39560,46650,,65540,71620,,98430,110200,,1,1,-1,1,1,-1,,,,,,
2008,8,2,14X,S,53,58,,,23360,,,35430,,,46060,,,1,5,-1,1,5,-1,,,,,,
2008,8,2,14X,S,54,,,,,,,,,,,,,5,5,-1,5,5,-1,,,,,,
2008,8,2,14X,S,55,,,,,,,,,,,,,5,5,-1,5,5,-1,,,,,,
2008,8,2,14X,S,56,,,,,,,,,,,,,5,5,-1,5,5,-1,,,,,,
2008,8,2,15X,S,01,483,284,,28990,37030,,45170,55710,,65110,77750,,1,1,-1,1,1,-1,,,,,,
2008,8,2,15X,S,02,186,71,,27340,29610,,42010,45030,,58390,71840,,1,1,-1,1,1,-1,,,,,,
2008,8,2,15X,S,04,361,178,,24850,30620,,37430,44460,,52200,58960,,1,1,-1,1,1,-1,,,,,,
2008,8,2,15X,S,05,106,56,,19490,23020,,27180,36580,,41610,45030,,1,1,-1,1,1,-1,,,,,,
2008,8,2,15X,S,06,710,511,,24030,29360,,37010,44550,,53450,63330,,1,1,-1,1,1,-1,,,,,,
2008,8,2,15X,S,08,555,260,,27460,30900,,40240,43840,,60150,69560,,1,1,-1,1,1,-1,,,,,,
2008,8,2,15X,S,09,,,,,,,,,,,,,5,5,-1,5,5,-1,,,,,,
2008,8,2,15X,S,10,,,,,,,,,,,,,5,5,-1,5,5,-1,,,,,,
2008,8,2,15X,S,11,254,154,,49950,65420,,70190,83880,,89800,106700,,1,1,-1,1,1,-1,,,,,,
2008,8,2,15X,S,12,902,502,,22310,26390,,32880,39600,,53010,64730,,1,1,-1,1,1,-1,,,,,,
2008,8,2,15X,S,13,1175,596,,23990,31860,,36040,45070,,52340,63290,,1,1,-1,1,1,-1,,,,,,
2008,8,2,15X,S,15,184,74,,28530,35550,,49340,56370,,73110,89730,,1,1,-1,1,1,-1,,,,,,
2008,8,2,15X,S,16,,,,,,,,,,,,,5,5,-1,5,5,-1,,,,,,
2008,8,2,15X,S,17,315,196,,23500,29220,,38000,44770,,58600,66360,,1,1,-1,1,1,-1,,,,,,
2008,8,2,15X,S,18,223,109,,22320,29950,,32770,43680,,45660,54320,,1,1,-1,1,1,-1,,,,,,
2008,8,2,15X,S,19,106,,,21670,,,34510,,,46320,,,1,5,-1,1,5,-1,,,,,,
2008,8,2,15X,S,20,307,128,,23960,30790,,34030,42860,,48490,58750,,1,1,-1,1,1,-1,,,,,,
2008,8,2,15X,S,21,643,329,,31520,41610,,46010,59540,,60620,75150,,1,1,-1,1,1,-1,,,,,,
2008,8,2,15X,S,22,311,148,,22260,27870,,34790,41820,,50090,62290,,1,1,-1,1,1,-1,,,,,,
2008,8,2,15X,S,23,,,,,,,,,,,,,5,5,-1,5,5,-1,,,,,,
2008,8,2,15X,S,24,619,269,,44380,47770,,67820,71700,,94950,94530,,1,1,-1,1,1,-1,,,,,,
2008,8,2,15X,S,25,99,60,,25160,36580,,35490,48120,,54180,63290,,1,1,-1,1,1,-1,,,,,,
2008,8,2,15X,S,26,168,111,,25200,32300,,38280,52300,,53620,78970,,1,1,-1,1,1,-1,,,,,,
2008,8,2,15X,S,27,96,,,23020,,,31120,,,45030,,,1,5,-1,1,5,-1,,,,,,
2008,8,2,15X,S,28,101,66,,19760,25420,,31040,41460,,47990,56990,,1,1,-1,1,1,-1,,,,,,
2008,8,2,15X,S,29,328,158,,24110,27280,,34990,40880,,50690,61270,,1,1,-1,1,1,-1,,,,,,
2008,8,2,15X,S,30,,,,,,,,,,,,,5,5,-1,5,5,-1,,,,,,
2008,8,2,15X,S,31,71,,,24620,,,36290,,,49800,,,1,5,-1,1,5,-1,,,,,,
2008,8,2,15X,S,32,123,56,,23250,30340,,33920,41710,,48280,59890,,1,1,-1,1,1,-1,,,,,,
2008,8,2,15X,S,33,,,,,,,,,,,,,5,5,-1,5,5,-1,,,,,,
2008,8,2,15X,S,34,142,65,,25420,31880,,40820,50370,,57970,68700,,1,1,-1,1,1,-1,,,,,,
2008,8,2,15X,S,35,107,50,,24650,24730,,36390,45370,,49740,68230,,1,1,-1,1,1,-1,,,,,,
2008,8,2,15X,S,36,389,272,,22140,26440,,33530,42730,,50720,62400,,1,1,-1,1,1,-1,,,,,,
2008,8,2,15X,S,37,1117,509,,25920,33420,,40160,46430,,56830,64840,,1,1,-1,1,1,-1,,,,,,
2008,8,2,15X,S,38,,,,,,,,,,,,,5,5,-1,5,5,-1,,,,,,
2008,8,2,15X,S,39,288,166,,22210,26610,,31930,38780,,44250,53030,,1,1,-1,1,1,-1,,,,,,
2008,8,2,15X,S,40,337,150,,22850,29590,,32300,40480,,46280,58390,,1,1,-1,1,1,-1,,,,,,
2008,8,2,15X,S,41,83,60,,21460,26440,,32070,40730,,45290,55950,,1,1,-1,1,1,-1,,,,,,
2008,8,2,15X,S,42,266,183,,24060,31260,,35490,45160,,48010,60710,,1,1,-1,1,1,-1,,,,,,
2008,8,2,15X,S,44,,,,,,,,,,,,,5,5,-1,5,5,-1,,,,,,
2008,8,2,15X,S,45,553,278,,24860,31260,,36640,44830,,55480,63100,,1,1,-1,1,1,-1,,,,,,
2008,8,2,15X,S,46,,,,,,,,,,,,,5,5,-1,5,5,-1,,,,,,
2008,8,2,15X,S,47,440,202,,22830,24990,,32490,36580,,47790,55450,,1,1,-1,1,1,-1,,,,,,
2008,8,2,15X,S,48,3238,1572,,25250,32470,,38580,46200,,56300,67170,,1,1,-1,1,1,-1,,,,,,
2008,8,2,15X,S,49,79,,,21520,,,30620,,,40660,,,1,5,-1,1,5,-1,,,,,,
2008,8,2,15X,S,50,,,,,,,,,,,,,5,5,-1,5,5,-1,,,,,,
2008,8,2,15X,S,51,1520,763,,40880,46370,,66970,77180,,96710,102700,,1,1,-1,1,1,-1,,,,,,
2008,8,2,15X,S,53,617,279,,25970,34810,,39070,47280,,55860,65210,,1,1,-1,1,1,-1,,,,,,
2008,8,2,15X,S,54,52,,,31460,,,46750,,,65760,,,1,5,-1,1,5,-1,,,,,,
2008,8,2,15X,S,55,151,75,,22420,29360,,33020,39580,,44260,52050,,1,1,-1,1,1,-1,,,,,,
2008,8,2,15X,S,56,,,,,,,,,,,,,5,5,-1,5,5,-1,,,,,,
2008,8,2,16X,S,01,627,310,,32120,41400,,56990,66930,,76780,85840,,1,1,-1,1,1,-1,,,,,,
2008,8,2,16X,S,02,201,,,28170,,,41960,,,59390,,,1,5,-1,1,5,-1,,,,,,
2008,8,2,16X,S,04,450,259,,21100,29700,,33260,42990,,51210,62370,,1,1,-1,1,1,-1,,,,,,
2008,8,2,16X,S,05,160,78,,21180,28950,,30020,37480,,42470,50370,,1,1,-1,1,1,-1,,,,,,
2008,8,2,16X,S,06,842,535,,22700,29310,,34710,43370,,52950,61570,,1,1,-1,1,1,-1,,,,,,
2008,8,2,16X,S,08,623,241,,24850,30800,,35670,45520,,48160,61970,,1,1,-1,1,1,-1,,,,,,
2008,8,2,16X,S,09,62,,,22410,,,35430,,,56990,,,1,5,-1,1,5,-1,,,,,,
2008,8,2,16X,S,10,,,,,,,,,,,,,5,5,-1,5,5,-1,,,,,,
2008,8,2,16X,S,11,,,,,,,,,,,,,5,5,-1,5,5,-1,,,,,,
2008,8,2,16X,S,12,829,450,,22650,25100,,31950,37610,,47810,55030,,1,1,-1,1,1,-1,,,,,,
2008,8,2,16X,S,13,1016,390,,24920,30750,,36490,43620,,51550,58690,,1,1,-1,1,1,-1,,,,,,
2008,8,2,16X,S,15,100,57,,25760,31960,,46350,50370,,65760,83000,,1,1,-1,1,1,-1,,,,,,
2008,8,2,16X,S,16,101,,,20330,,,28950,,,39540,,,1,5,-1,1,5,-1,,,,,,
2008,8,2,16X,S,17,393,221,,21950,26670,,31890,37820,,45830,52550,,1,1,-1,1,1,-1,,,,,,
2008,8,2,16X,S,18,325,141,,24010,32510,,32160,41970,,42220,56370,,1,1,-1,1,1,-1,,,,,,
2008,8,2,16X,S,19,153,66,,24060,32860,,35070,42470,,45780,56790,,1,1,-1,1,1,-1,,,,,,
2008,8,2,16X,S,20,413,132,,24670,33140,,34270,43680,,46220,57200,,1,1,-1,1,1,-1,,,,,,
2008,8,2,16X,S,21,579,231,,28800,32090,,42590,48210,,62810,65460,,1,1,-1,1,1,-1,,,,,,
2008,8,2,16X,S,22,309,141,,26470,33280,,37210,53750,,56100,71050,,1,1,-1,1,1,-1,,,,,,
2008,8,2,16X,S,23,65,,,19930,,,26680,,,34750,,,1,5,-1,1,5,-1,,,,,,
2008,8,2,16X,S,24,317,153,,32930,37320,,50370,56120,,73530,79890,,1,1,-1,1,1,-1,,,,,,
2008,8,2,16X,S,25,97,62,,23120,31460,,35550,50050,,54080,67400,,1,1,-1,1,1,-1,,,,,,
2008,8,2,16X,S,26,394,225,,23250,29600,,36440,45330,,53810,68960,,1,1,-1,1,1,-1,,,,,,
2008,8,2,16X,S,27,126,106,,21710,27280,,29500,39100,,40660,55430,,1,1,-1,1,1,-1,,,,,,
2008,8,2,16X,S,28,143,62,,28420,28530,,42940,37180,,64210,54010,,1,1,-1,1,1,-1,,,,,,
2008,8,2,16X,S,29,372,177,,22930,25980,,31300,38830,,44000,54490,,1,1,-1,1,1,-1,,,,,,
2008,8,2,16X,S,30,53,,,21730,,,28850,,,46400,,,1,5,-1,1,5,-1,,,,,,
2008,8,2,16X,S,31,157,64,,25190,33140,,32750,43240,,41700,52620,,1,1,-1,1,1,-1,,,,,,
2008,8,2,16X,S,32,148,78,,23880,31880,,37060,46470,,59040,66580,,1,1,-1,1,1,-1,,,,,,
2008,8,2,16X,S,33,,,,,,,,,,,,,5,5,-1,5,5,-1,,,,,,
2008,8,2,16X,S,34,110,65,,25710,35940,,38380,51270,,62080,60990,,1,1,-1,1,1,-1,,,,,,
2008,8,2,16X,S,35,120,59,,23020,35510,,35720,48570,,54620,66030,,1,1,-1,1,1,-1,,,,,,
2008,8,2,16X,S,36,437,234,,21970,30170,,34730,45180,,49350,57800,,1,1,-1,1,1,-1,,,,,,
2008,8,2,16X,S,37,796,327,,24980,31160,,36680,44070,,56310,58720,,1,1,-1,1,1,-1,,,,,,
2008,8,2,16X,S,38,102,58,,36010,52930,,57620,69870,,78970,97320,,1,1,-1,1,1,-1,,,,,,
2008,8,2,16X,S,39,417,216,,23180,28750,,31070,38380,,44130,52350,,1,1,-1,1,1,-1,,,,,,
2008,8,2,16X,S,40,408,184,,25030,31670,,36710,41650,,49470,56710,,1,1,-1,1,1,-1,,,,,,
2008,8,2,16X,S,41,194,107,,21940,28950,,31590,40000,,44690,56520,,1,1,-1,1,1,-1,,,,,,
2008,8,2,16X,S,42,425,246,,23750,28370,,35910,44490,,51820,60690,,1,1,-1,1,1,-1,,,,,,
2008,8,2,16X,S,44,,,,,,,,,,,,,5,5,-1,5,5,-1,,,,,,
2008,8,2,16X,S,45,341,118,,24990,30620,,36520,39460,,52880,54810,,1,1,-1,1,1,-1,,,,,,
2008,8,2,16X,S,46,,,,,,,,,,,,,5,5,-1,5,5,-1,,,,,,
2008,8,2,16X,S,47,576,223,,23780,29140,,34640,42090,,49770,55820,,1,1,-1,1,1,-1,,,,,,
2008,8,2,16X,S,48,3770,1553,,26910,34700,,41210,50330,,59950,68460,,1,1,-1,1,1,-1,,,,,,
2008,8,2,16X,S,49,134,61,,22560,33310,,32020,50930,,48440,69050,,1,1,-1,1,1,-1,,,,,,
2008,8,2,16X,S,50,,,,,,,,,,,,,5,5,-1,5,5,-1,,,,,,
2008,8,2,16X,S,51,785,336,,32630,39050,,51230,57620,,78690,81670,,1,1,-1,1,1,-1,,,,,,
2008,8,2,16X,S,53,693,289,,26200,34140,,39680,49300,,57590,66150,,1,1,-1,1,1,-1,,,,,,
2008,8,2,16X,S,54,80,,,24070,,,33140,,,48120,,,1,5,-1,1,5,-1,,,,,,
2008,8,2,16X,S,55,297,163,,21750,25060,,30340,36880,,43920,52390,,1,1,-1,1,1,-1,,,,,,
2008,8,2,16X,S,56,75,,,30410,,,43680,,,63700,,,1,5,-1,1,5,-1,,,,,,
2008,8,2,17X,S,01,70,,,19800,,,27110,,,33710,,,1,5,-1,1,5,-1,,,,,,
2008,8,2,17X,S,02,52,,,22490,,,34510,,,47290,,,1,5,-1,1,5,-1,,,,,,
2008,8,2,17X,S,04,70,,,19210,,,30450,,,37580,,,1,5,-1,1,5,-1,,,,,,
2008,8,2,17X,S,05,,,,,,,,,,,,,5,5,-1,5,5,-1,,,,,,
2008,8,2,17X,S,06,160,99,,22830,27420,,35430,41520,,49850,55870,,1,1,-1,1,1,-1,,,,,,
2008,8,2,17X,S,08,89,,,22300,,,33650,,,43050,,,1,5,-1,1,5,-1,,,,,,
2008,8,2,17X,S,09,,,,,,,,,,,,,5,5,-1,5,5,-1,,,,,,
2008,8,2,17X,S,10,,,,,,,,,,,,,5,5,-1,5,5,-1,,,,,,
2008,8,2,17X,S,11,,,,,,,,,,,,,5,5,-1,5,5,-1,,,,,,
2008,8,2,17X,S,12,157,66,,18670,22790,,24410,34860,,36290,46060,,1,1,-1,1,1,-1,,,,,,
2008,8,2,17X,S,13,176,68,,20810,20810,,28610,34430,,38580,46750,,1,1,-1,1,1,-1,,,,,,
2008,8,2,17X,S,15,,,,,,,,,,,,,5,5,-1,5,5,-1,,,,,,
2008,8,2,17X,S,16,,,,,,,,,,,,,5,5,-1,5,5,-1,,,,,,
2008,8,2,17X,S,17,107,79,,22190,27610,,31460,46400,,41040,60630,,1,1,-1,1,1,-1,,,,,,
2008,8,2,17X,S,18,67,,,21980,,,31090,,,38920,,,1,5,-1,1,5,-1,,,,,,
2008,8,2,17X,S,19,,,,,,,,,,,,,5,5,-1,5,5,-1,,,,,,
2008,8,2,17X,S,20,71,,,22910,,,34000,,,44170,,,1,5,-1,1,5,-1,,,,,,
2008,8,2,17X,S,21,99,,,24520,,,33420,,,46190,,,1,5,-1,1,5,-1,,,,,,
2008,8,2,17X,S,22,77,,,22010,,,39730,,,54580,,,1,5,-1,1,5,-1,,,,,,
2008,8,2,17X,S,23,,,,,,,,,,,,,5,5,-1,5,5,-1,,,,,,
2008,8,2,17X,S,24,,,,,,,,,,,,,5,5,-1,5,5,-1,,,,,,
2008,8,2,17X,S,25,,,,,,,,,,,,,5,5,-1,5,5,-1,,,,,,
2008,8,2,17X,S,26,96,,,21350,,,28530,,,37780,,,1,5,-1,1,5,-1,,,,,,
2008,8,2,17X,S,27,,,,,,,,,,,,,5,5,-1,5,5,-1,,,,,,
2008,8,2,17X,S,28,,,,,,,,,,,,,5,5,-1,5,5,-1,,,,,,
2008,8,2,17X,S,29,145,72,,24450,27000,,36340,38740,,54210,52620,,1,1,-1,1,1,-1,,,,,,
2008,8,2,17X,S,30,,,,,,,,,,,,,5,5,-1,5,5,-1,,,,,,
2008,8,2,17X,S,31,,,,,,,,,,,,,5,5,-1,5,5,-1,,,,,,
2008,8,2,17X,S,32,,,,,,,,,,,,,5,5,-1,5,5,-1,,,,,,
2008,8,2,17X,S,33,,,,,,,,,,,,,5,5,-1,5,5,-1,,,,,,
2008,8,2,17X,S,34,,,,,,,,,,,,,5,5,-1,5,5,-1,,,,,,
2008,8,2,17X,S,35,,,,,,,,,,,,,5,5,-1,5,5,-1,,,,,,
2008,8,2,17X,S,36,141,67,,20550,27070,,30380,38830,,43050,55870,,1,1,-1,1,1,-1,,,,,,
2008,8,2,17X,S,37,144,67,,19550,25020,,28010,39920,,44690,48400,,1,1,-1,1,1,-1,,,,,,
2008,8,2,17X,S,38,,,,,,,,,,,,,5,5,-1,5,5,-1,,,,,,
2008,8,2,17X,S,39,129,59,,18770,21640,,30500,30120,,40370,39800,,1,1,-1,1,1,-1,,,,,,
2008,8,2,17X,S,40,69,,,22560,,,32200,,,44620,,,1,5,-1,1,5,-1,,,,,,
2008,8,2,17X,S,41,,,,,,,,,,,,,5,5,-1,5,5,-1,,,,,,
2008,8,2,17X,S,42,109,59,,27380,30410,,36440,44410,,46660,59750,,1,1,-1,1,1,-1,,,,,,
2008,8,2,17X,S,44,,,,,,,,,,,,,5,5,-1,5,5,-1,,,,,,
2008,8,2,17X,S,45,66,,,20170,,,26060,,,35150,,,1,5,-1,1,5,-1,,,,,,
2008,8,2,17X,S,46,,,,,,,,,,,,,5,5,-1,5,5,-1,,,,,,
2008,8,2,17X,S,47,105,,,20760,,,29020,,,38480,,,1,5,-1,1,5,-1,,,,,,
2008,8,2,17X,S,48,521,239,,22670,29140,,33420,41690,,51760,62320,,1,1,-1,1,1,-1,,,,,,
2008,8,2,17X,S,49,,,,,,,,,,,,,5,5,-1,5,5,-1,,,,,,
2008,8,2,17X,S,50,,,,,,,,,,,,,5,5,-1,5,5,-1,,,,,,
2008,8,2,17X,S,51,154,59,,26290,34720,,39820,49990,,63840,76270,,1,1,-1,1,1,-1,,,,,,
2008,8,2,17X,S,53,158,63,,23930,27900,,35550,37480,,52300,55870,,1,1,-1,1,1,-1,,,,,,
2008,8,2,17X,S,54,,,,,,,,,,,,,5,5,-1,5,5,-1,,,,,,
2008,8,2,17X,S,55,88,,,22410,,,29330,,,39580,,,1,5,-1,1,5,-1,,,,,,
2008,8,2,17X,S,56,,,,,,,,,,,,,5,5,-1,5,5,-1,,,,,,
2008,8,2,18X,S,01,378,189,,20450,26290,,28700,38530,,39710,51420,,1,1,-1,1,1,-1,,,,,,
2008,8,2,18X,S,02,213,59,,29330,37480,,41770,52050,,53960,61360,,1,1,-1,1,1,-1,,,,,,
2008,8,2,18X,S,04,408,178,,20690,26080,,31170,36580,,42470,52130,,1,1,-1,1,1,-1,,,,,,
2008,8,2,18X,S,05,175,78,,19820,24730,,27760,33830,,36380,46060,,1,1,-1,1,1,-1,,,,,,
2008,8,2,18X,S,06,722,446,,21420,27910,,31030,39250,,48050,58090,,1,1,-1,1,1,-1,,,,,,
2008,8,2,18X,S,08,541,193,,23300,26500,,31910,38230,,44390,55350,,1,1,-1,1,1,-1,,,,,,
2008,8,2,18X,S,09,56,,,20810,,,36580,,,51720,,,1,5,-1,1,5,-1,,,,,,
2008,8,2,18X,S,10,,,,,,,,,,,,,5,5,-1,5,5,-1,,,,,,
2008,8,2,18X,S,11,138,83,,40450,64570,,63800,80610,,89040,98950,,1,1,-1,1,1,-1,,,,,,
2008,8,2,18X,S,12,909,439,,19580,24680,,26320,33950,,39280,46730,,1,1,-1,1,1,-1,,,,,,
2008,8,2,18X,S,13,901,435,,20970,26680,,29360,36880,,40440,47690,,1,1,-1,1,1,-1,,,,,,
2008,8,2,18X,S,15,89,,,20830,,,32130,,,49240,,,1,5,-1,1,5,-1,,,,,,
2008,8,2,18X,S,16,56,,,20920,,,28950,,,37780,,,1,5,-1,1,5,-1,,,,,,
2008,8,2,18X,S,17,406,255,,20150,26090,,29270,39370,,41790,54750,,1,1,-1,1,1,-1,,,,,,
2008,8,2,18X,S,18,323,147,,20680,29570,,29610,38680,,39220,49450,,1,1,-1,1,1,-1,,,,,,
2008,8,2,18X,S,19,168,73,,21420,27990,,31220,40500,,41710,52430,,1,1,-1,1,1,-1,,,,,,
2008,8,2,18X,S,20,473,166,,23380,27440,,32670,39510,,43750,50630,,1,1,-1,1,1,-1,,,,,,
2008,8,2,18X,S,21,388,166,,23580,28950,,31190,38640,,42520,49180,,1,1,-1,1,1,-1,,,,,,
2008,8,2,18X,S,22,357,134,,21720,28110,,31210,40180,,44380,57900,,1,1,-1,1,1,-1,,,,,,
2008,8,2,18X,S,23,67,,,20260,,,28950,,,41380,,,1,5,-1,1,5,-1,,,,,,
2008,8,2,18X,S,24,222,113,,24850,35000,,39530,47090,,55870,64730,,1,1,-1,1,1,-1,,,,,,
2008,8,2,18X,S,25,129,82,,22240,34860,,31630,44000,,47470,68230,,1,1,-1,1,1,-1,,,,,,
2008,8,2,18X,S,26,315,168,,21400,26210,,29150,39850,,41140,54840,,1,1,-1,1,1,-1,,,,,,
2008,8,2,18X,S,27,142,103,,21610,27490,,31460,37480,,38560,48280,,1,1,-1,1,1,-1,,,,,,
2008,8,2,18X,S,28,111,59,,19920,23450,,28840,31460,,38770,46680,,1,1,-1,1,1,-1,,,,,,
2008,8,2,18X,S,29,577,229,,21710,27120,,30750,37330,,43070,51850,,1,1,-1,1,1,-1,,,,,,
2008,8,2,18X,S,30,53,,,18690,,,25020,,,34640,,,1,5,-1,1,5,-1,,,,,,
2008,8,2,18X,S,31,161,59,,19800,22190,,28640,29360,,38510,39510,,1,1,-1,1,1,-1,,,,,,
2008,8,2,18X,S,32,149,58,,21470,29950,,31340,36010,,43880,46060,,1,1,-1,1,1,-1,,,,,,
2008,8,2,18X,S,33,,,,,,,,,,,,,5,5,-1,5,5,-1,,,,,,
2008,8,2,18X,S,34,139,71,,21980,34490,,32440,47710,,45340,65350,,1,1,-1,1,1,-1,,,,,,
2008,8,2,18X,S,35,135,,,22560,,,34060,,,45910,,,1,5,-1,1,5,-1,,,,,,
2008,8,2,18X,S,36,448,224,,22340,27000,,29780,39050,,42340,54790,,1,1,-1,1,1,-1,,,,,,
2008,8,2,18X,S,37,757,342,,21560,24220,,31290,34920,,42520,46880,,1,1,-1,1,1,-1,,,,,,
2008,8,2,18X,S,38,93,,,34210,,,50370,,,74550,,,1,5,-1,1,5,-1,,,,,,
2008,8,2,18X,S,39,455,266,,20870,28010,,27960,37480,,39070,48740,,1,1,-1,1,1,-1,,,,,,
2008,8,2,18X,S,40,398,144,,21800,25530,,30450,37890,,42620,49240,,1,1,-1,1,1,-1,,,,,,
2008,8,2,18X,S,41,114,63,,20780,23450,,29170,34370,,44300,44650,,1,1,-1,1,1,-1,,,,,,
2008,8,2,18X,S,42,400,245,,22410,28760,,31070,44780,,43320,56840,,1,1,-1,1,1,-1,,,,,,
2008,8,2,18X,S,44,,,,,,,,,,,,,5,5,-1,5,5,-1,,,,,,
2008,8,2,18X,S,45,320,145,,20960,27900,,32020,40590,,42960,53870,,1,1,-1,1,1,-1,,,,,,
2008,8,2,18X,S,46,,,,,,,,,,,,,5,5,-1,5,5,-1,,,,,,
2008,8,2,18X,S,47,588,217,,20960,26090,,28220,34860,,37410,46530,,1,1,-1,1,1,-1,,,,,,
2008,8,2,18X,S,48,2939,1313,,22870,29440,,33640,42280,,47250,61810,,1,1,-1,1,1,-1,,,,,,
2008,8,2,18X,S,49,105,,,19610,,,26290,,,36490,,,1,5,-1,1,5,-1,,,,,,
2008,8,2,18X,S,50,,,,,,,,,,,,,5,5,-1,5,5,-1,,,,,,
2008,8,2,18X,S,51,1164,565,,27940,35100,,43110,51290,,63120,74200,,1,1,-1,1,1,-1,,,,,,
2008,8,2,18X,S,53,658,260,,22920,29930,,32130,42520,,45570,56510,,1,1,-1,1,1,-1,,,,,,
2008,8,2,18X,S,54,80,52,,20070,29780,,31120,40180,,44830,59040,,1,1,-1,1,1,-1,,,,,,
2008,8,2,18X,S,55,224,131,,18770,25330,,26810,35380,,36780,45800,,1,1,-1,1,1,-1,,,,,,
2008,8,2,18X,S,56,,,,,,,,,,,,,5,5,-1,5,5,-1,,,,,,
